cohort,chain,epitope,sn,n,cdr3_len,v_entropy,j_entropy,log_pgen,log_degree
immrep25_pos,A,KLYPFLWFA,17.389315683725325,50.0,12.3,2.6743342862115482,3.983465189601647,-7.116091303424421,-5.301622883045047
immrep25_pos,A,YEDGVIFYL,8.559953434225843,49.0,13.73469387755102,2.994695123894048,4.246963925571252,-7.543277439916743,-5.722823045392479
immrep25_pos,A,FLDCKSYIL,6.348374253483743,50.0,14.12,4.008884070537635,4.408367439558378,-7.250670207229567,-5.510284586773081
immrep25_pos,A,ILHTHVPEV,6.529256489221293,49.0,13.959183673469388,3.642358764235735,4.418195752623562,-7.368038898813771,-5.567875239312968
immrep25_pos,A,MTDYDYLEV,5.996692392502757,50.0,13.94,2.9317325948008235,4.328367439558377,-7.192559869043141,-5.592228869483349
immrep25_pos,A,GENALTYAL,6.505965981213506,50.0,14.48,1.3461447090189016,4.623465189601649,-7.376182685864665,-5.880868092140693
immrep25_pos,A,YMFYDGYDV,4.548095545513234,50.0,13.52,3.823144940981577,4.638562939644919,-6.764565226462364,-5.172225305147548
immrep25_pos,A,SEESAFYVL,4.05910447761194,50.0,14.12,3.415682484881912,4.734177320667444,-7.4551130655523625,-5.696686311655453
immrep25_pos,A,MEMPDYLLL,4.520835988275774,49.0,13.571428571428571,4.183302385188318,4.685938925659556,-7.170643306065082,-5.555024391615218
immrep25_pos,A,YLFNADIWI,2.743109446079743,50.0,13.36,3.417389939125684,4.429275070710714,-7.561547758579003,-5.818156661509956
immrep25_pos,A,TVYPYGTSL,2.6650694777192148,49.0,14.081632653061224,4.449534661874375,4.586862334388671,-7.45173713951601,-5.7234256973310735
immrep25_pos,A,FEAQPGALL,2.851329176238924,48.0,14.708333333333334,4.256328385912462,4.210500657991217,-7.682012712554228,-5.90768832874543
immrep25_pos,A,YESYIPGAL,2.010765757944087,50.0,13.34,4.4561746300696425,4.671272380112913,-7.2960829230432305,-5.611421790156064
immrep25_pos,A,SQFNWTIYL,2.225391880050628,50.0,13.34,4.01287868934203,4.278242691024847,-7.081285472926338,-5.327681572841812
immrep25_pos,A,ILMHATYFL,1.9830688768726177,50.0,13.74,3.905979129983102,4.596565630242721,-6.936217448766311,-5.298441545900741
immrep25_pos,A,GEVLACYAL,2.5056982012906768,50.0,13.46,2.9177809392987615,4.2704355005135834,-7.6718778214558725,-5.926791682140236
immrep25_pos,A,YENGSTPVL,0.8054985638079605,49.0,13.877551020408163,3.4994294259163397,4.678499579198326,-7.479778774811507,-5.749428395348022
immrep25_pos,A,HLDDYPYLM,0.6919786096256685,49.0,13.510204081632653,4.418195752623562,4.639721323486283,-7.09654463840263,-5.406295678834813
immrep25_pos,A,REDDYSVWL,0.7908422837761446,49.0,14.285714285714286,4.071536551458859,4.695943517407986,-7.3970240671607135,-5.637593114638241
immrep25_pos,A,MENWSALEL,0.7595320623916811,50.0,13.26,4.033786320494366,4.878562939644917,-7.3156745975084085,-5.558429452708636
vdjdb_hq,A,RAKFKQLL,36.07257565291797,407.0,13.687960687960688,4.4565620558669,4.573823104401879,-7.77542742103687,-5.955482826629618
vdjdb_hq,A,YLQPRTFLL,26.636382365709398,708.0,12.76129943502825,3.702546021703377,5.028966534922109,-7.1618985708240075,-5.494367060488011
vdjdb_hq,A,FLYALALLL,227.0,78.0,13.91025641025641,1.4740592368665686,1.6216204548707602,,
vdjdb_hq,A,TPRVTGGGAM,35.12347309441437,185.0,13.978378378378379,4.632717048067337,4.613337368210991,-7.039058712644256,-5.481753275659086
vdjdb_hq,A,LLWNGPMAV,10.5094360548145,508.0,11.913385826771654,3.334751873903756,5.07978433610058,-6.128174553703864,-4.681602356339499
vdjdb_hq,A,FLRGRAYGL,47.32801518065558,153.0,15.130718954248366,2.5424453972780463,2.608180471863599,-7.77542742103687,-5.955482826629618
vdjdb_hq,A,LLFGYPVYV,36.5701257447338,117.0,13.213675213675213,4.1388410407590595,4.6083044609002926,-5.239040681142643,-3.9953467119713864
vdjdb_hq,A,LLLDRLNQL,6.362274989817347,452.0,12.889380530973451,0.06365979427630494,5.372051466035898,-5.263570209968016,-4.031978101119193
vdjdb_hq,A,TTDPSFLGRY,8.56180395916633,410.0,13.44390243902439,4.759362610405929,5.333831599174051,-6.804769853888179,-5.194168020782387
vdjdb_hq,A,PTDNYITTY,74.44508670520233,33.0,13.242424242424242,3.2836148364543867,3.0655162736370456,,
vdjdb_hq,A,NEGVKAAW,34.63797776130467,126.0,13.698412698412698,4.7161136030336275,4.8807065394779645,,
vdjdb_hq,A,NQKLIANQF,15.154514516323333,218.0,13.51834862385321,4.9281399640690715,5.125576021015709,-7.3432340979290265,-5.7028735196679605
vdjdb_hq,A,RPPIFIRRL,36.20623829171024,71.0,13.169014084507042,3.8121237475440504,4.288998754174333,-6.919967887195743,-5.364672848414007
vdjdb_hq,A,LLYDANYFL,64.2207333707775,33.0,13.575757575757576,1.9839834108579253,2.769889573117192,-5.829292364623322,-4.333528428105868
vdjdb_hq,A,CTELKLSDY,11.971647153834624,150.0,12.993333333333334,4.591617086308764,4.914638484211763,-5.224268291502662,-3.968027283249286
vdjdb_hq,A,NYNYLYRLF,8.536535963233549,345.0,14.336231884057971,4.272484527102807,5.227168803359289,-7.63630956539446,-5.882834105275811
vdjdb_hq,A,QYIKWPWYI,6.1780670337271975,302.0,13.8841059602649,4.901962095400384,5.335788824001962,-5.126937877991584,-3.896088019020948
vdjdb_hq,A,CINGVCWTV,12.57601622861957,248.0,13.798387096774194,3.362095501420265,5.336077393828384,-7.12934831189974,-5.557276573257934
vdjdb_hq,A,RYRIGNYKL,37.61577331630851,44.0,12.863636363636363,3.0277599508982647,3.272052486290665,,
vdjdb_hq,A,IPSINVHHY,21.404335707649427,69.0,12.855072463768115,4.089074182486659,4.452657161292212,-5.404592351377843,-4.039087109604219
vdjdb_hq,A,CLGGLLTMV,24.197111835353006,89.0,13.393258426966293,4.39404669262874,4.45151816353208,-7.77542742103687,-5.955482826629618
vdjdb_hq,A,GLCTLVAML,8.46800665287671,5224.0,13.200995405819295,4.596229271313694,5.202965669152451,-6.4137367916545305,-4.915148136339293
vdjdb_hq,A,SPRWYFYYL,5.590676352599303,503.0,13.59244532803181,4.856961560081741,5.403764964188231,-6.528404268263533,-5.0160115893216295
vdjdb_hq,A,RFPLTFGWCF,28.738264035255792,59.0,14.271186440677965,3.75677996520556,4.134856346331947,,
vdjdb_hq,A,ELAGIGILTV,11.49093259040124,111.0,12.891891891891891,1.6195701902587412,4.901593210309608,-4.975123389963011,-3.907874727696623
vdjdb_hq,A,LTDEMIAQY,9.220705103233346,125.0,13.4,4.698762618920646,5.119254738553937,-6.627699962267956,-5.101788727198513
vdjdb_hq,A,YVLDHLIVV,5.596595607582024,6317.0,13.343675795472535,4.8018175188614345,5.286747096712537,-5.790164240144336,-4.4067735328151
vdjdb_hq,A,QAKWRLQTL,20.492863700859694,70.0,15.057142857142857,4.192801535639569,3.7646704684664196,-5.1147754680593005,-3.8117881506827183
vdjdb_hq,A,RPHERNGFTVL,14.794128001126522,53.0,14.037735849056604,4.34563507854735,4.649406125153195,,
vdjdb_hq,A,GILGFVFTL,2.4873904173185513,4157.0,14.12821746451768,5.002651655572739,5.040091328245926,-6.614739926895499,-5.02044194315215
vdjdb_hq,A,KLVALGINAV,6.984289847271749,61.0,11.688524590163935,2.2114402261613373,4.325359455826205,,
vdjdb_hq,A,YLLEMLWRL,11.093889282292665,37.0,14.135135135135135,2.921121189942506,3.272605033752002,-5.687365566122985,-4.294842749609446
vdjdb_hq,A,NLVPMVATV,1.8731953392081284,11296.0,13.587553116147308,5.1164686908027095,5.533367955741189,-6.13026919818867,-4.7022784697212225
vdjdb_hq,A,EAAGIGILTV,5.54096742349457,47.0,12.25531914893617,1.688022381365403,4.397006469623028,-4.978181613552333,-3.788099910353634
vdjdb_hq,A,RLQSLQTYV,6.73009833473341,53.0,12.679245283018869,4.135834786495202,3.97021261501468,-4.997264792796995,-3.777923984810692
vdjdb_hq,A,FTSDYYQLY,6.32447390223695,46.0,13.847826086956522,3.9774877065186702,4.673139880431714,,
vdjdb_hq,A,RPIIRPATL,2.479815507043384,98.0,14.142857142857142,3.9032820596400226,4.930701492309099,-5.714815163905781,-4.574052549724935
vdjdb_hq,A,KTFPPTEPK,1.8476037727520191,130.0,13.792307692307693,4.70554802759889,5.2313284689026505,-5.948695964954991,-4.563985100429193
vdjdb_hq,A,MEVTPSGTWL,2.389217546601183,47.0,14.212765957446809,3.6242743353357785,4.708324223787909,,
vdjdb_hq,A,VAANIVLTV,2.3651040653569346,43.0,13.186046511627907,4.245918533721552,4.629412138272089,,
vdjdb_hq,A,RYCNLEGPPI,2.0996483001172335,71.0,13.633802816901408,4.789136430291615,4.945747915908004,-5.383060806873365,-4.185471895667843
vdjdb_hq,A,NLSALGIFST,2.204313054549795,34.0,12.058823529411764,2.198627613022249,4.256149238118269,-5.29308268201452,-4.123790855017369
vdjdb_hq,A,VLFGLGFAI,0.9171117832550357,51.0,13.882352941176471,3.824605127118015,4.336367195159385,,
vdjdb_hq,A,KAYNVTQAF,0.8746929425077973,51.0,13.803921568627452,4.328713086815009,4.608412351648155,-4.861978000418495,-3.685870865859131
vdjdb_hq,A,ALGIGILTV,0.8495821727019498,40.0,12.775,3.147012012247795,4.412814895472356,-5.031028499713644,-3.8771246727487183
vdjdb_hq,A,VYFLQSINF,0.9418955552145671,32.0,14.3125,4.375,4.2621987351738495,,
vdjdb_lq,A,LLAGIGTVPI,10.138670326769327,479.0,13.217118997912317,2.672652394664238,4.209925360796896,-5.706791726996827,-4.375611653035378
vdjdb_lq,A,LLLGIGILV,5.224783859790963,384.0,13.0,3.3348454629772455,5.039882393180942,-5.128591712954284,-3.928250742535499
vdjdb_lq,A,ATDALMTGF,43.809468488829744,114.0,13.964912280701755,3.9793977599766377,4.531263465174779,-7.105126758373032,-5.414015390630842
vdjdb_lq,A,RAQAPPPSW,42.7724039829303,53.0,14.150943396226415,2.4057295370493987,2.3322271020298375,-12.797255578353743,-7.664377665913118
vdjdb_lq,A,VMATRRNVL,1.7629525878995733,967.0,13.110651499482938,5.101580330434735,5.428078411991692,-5.199312395215591,-3.9920005878970035
vdjdb_lq,A,DATYQRTRALVR,12.219513304525814,97.0,13.463917525773196,3.957989696620327,4.9309405183527915,-5.062267906587145,-3.816564977932085
vdjdb_lq,A,VMTTVLATL,2.2755786287801523,209.0,13.239234449760765,4.814540773902813,5.266068391959297,-5.575955494739434,-4.323544798212373
vdjdb_lq,A,KSKRTPMGF,10.127364787111622,103.0,13.504854368932039,4.568111421011096,4.930094066789195,-7.483906472904463,-5.563104073096594
vdjdb_lq,A,VISNDVCAQV,2.724252557430895,229.0,13.615720524017467,5.029885639001319,5.293256146415207,-5.297400821097692,-4.104968042638229
vdjdb_lq,A,RVRAYTYSK,1.4143174694397926,690.0,13.618840579710145,5.010908712506149,5.444445613191808,-5.756786368681763,-4.419093112237493
vdjdb_lq,A,HPNGYKSLSTL,15.623006684433571,35.0,14.342857142857143,2.7796021324441798,3.875731503204188,-5.368507961040096,-4.226171481722895
vdjdb_lq,A,ALAGIGILTV,4.017168607787757,97.0,12.268041237113403,1.8212810119293812,4.76652467400151,-5.1456208338189695,-3.965415876271598
vdjdb_lq,A,HPVTKYIM,12.232788572899242,52.0,14.0,3.7698157905901755,4.39516466081557,-7.721107932124799,-5.96022897568603
vdjdb_lq,A,GPRLGVRAT,8.839594838192795,48.0,13.729166666666666,4.019641085934338,4.3894608760283615,-7.277926829360138,-5.595128320430902
vdjdb_lq,A,NLNCCSVPV,6.640099345224655,48.0,13.1875,3.7539142629725992,4.619034834541985,-5.8482469579077705,-4.378720072142952
vdjdb_lq,A,FEDLRVLSF,6.400449159761481,46.0,14.652173913043478,4.03919945741584,4.648243205915917,,
vdjdb_lq,A,RGPGRAFVTI,4.49535192563081,37.0,13.0,3.5663726218594576,3.7390108803163367,-5.701186114014985,-4.2508411642255375
vdjdb_lq,A,QMMVKAGL,3.5383820108555186,46.0,14.065217391304348,4.387373640698526,4.577697282049906,-5.67678768197201,-4.388359083309786
vdjdb_lq,A,FEDLRLLSF,2.791907514450867,43.0,14.976744186046512,4.204652545097893,4.388376603932547,,
vdjdb_lq,A,ILTGLNYEV,2.7772943575798776,35.0,14.314285714285715,3.2863260608301683,4.183014003266002,,
vdjdb_lq,A,ALWALPHAA,2.315977985498384,30.0,13.2,3.8695767463163935,4.056564762130954,-5.224268291502662,-3.968027283249286
vdjdb_lq,A,VVLSWAPPV,0.7968966374320918,39.0,14.205128205128204,3.5414722581354576,4.753225616242672,-5.099129062146509,-4.005649394864328
vdjdb_lq,A,VVMSWAPPV,0.8025320193407891,37.0,14.0,3.6690825964481135,4.648510460165075,-5.099129062146509,-4.005649394864328
vdjdb_lq,A,RLPGVLPRA,0.7647425897035882,44.0,12.886363636363637,4.217859107657964,4.51602764126623,-6.005259316519206,-4.473720647835548
vdjdb_lq,A,HSNLNDATY,0.8205277615916091,37.0,13.378378378378379,3.969607339117404,4.574054041187683,,
vdjdb_lq,A,RTATKQYNV,0.815096802262345,50.0,13.3,4.279079570624176,4.701467880199452,,
vdjdb_lq,A,FEDLRVSSF,0.9002782515034558,35.0,14.285714285714286,4.071581588126284,4.32172123104524,,
vdjdb_lq,A,LTSLTILQLY,0.8689837139477754,34.0,13.205882352941176,3.189541517339139,4.454822399946606,-5.351696210324332,-3.9123910137362587
vdjdb_lq,A,GIIYIIYKL,0.9853080071361108,32.0,12.84375,3.3675365325772657,4.538909765557392,,
vdjdb_lq,A,YAYAKWKL,0.892263759086189,31.0,13.290322580645162,3.6553362295323457,4.324848729602136,-5.448223059442395,-4.300586623918028
vdjdb_lq,A,LPRWYFYYL,0.9465875370919882,30.0,13.433333333333334,3.6444138295776116,3.9735572622751856,-5.328096902355312,-3.991331806621629
immrep22_true,A,GILGFVFTL,8.317291894126502,117.0,14.350427350427351,4.003996751707728,3.222308996777099,-6.991945989080079,-5.288365302998528
immrep22_true,A,YLQPRTFLL,28.53020134228188,64.0,12.453125,3.1673777997614643,3.9394640159230123,-7.343873215569435,-5.63013726853299
immrep22_true,A,LLWNGPMAV,18.810714285714287,45.0,11.422222222222222,2.3554786505390726,3.9381609416431504,-6.300404936531596,-4.817437381946237
immrep22_true,A,GLCTLVAML,12.730687455705173,30.0,12.4,2.73012496531497,3.6280729963885094,-7.008941999427776,-5.311479350679301
immrep22_true,A,NLVPMVATV,3.728560188827695,67.0,13.08955223880597,4.637005519385317,4.5522694596335835,-7.222624800090039,-5.560274173054713
immrep22_true,A,TTDPSFLGRY,1.9649631778620844,48.0,13.1875,4.133947073809812,4.6271673246578855,-7.073853443994402,-5.398598968869778
immrep22_true,A,CINGVCWTV,0.798489976568602,46.0,13.869565217391305,2.8376554344561815,4.569772760819465,-7.298916367631919,-5.703639793320372
tcrvdb_true,A,YLQPRTFLL,238.99999999999997,129.0,11.984496124031008,1.3077864382622952,3.617804426188029,-7.564228673916342,-5.902368780465573
tcrvdb_true,A,GLCTLVAML,113.0,93.0,12.344086021505376,2.839291284656229,4.254175010419668,-7.084445009243833,-5.381050809001923
