epitope,hla,n,sn1,nA,snA
GILGFVFTL,A*02:01,1662,132.62772041915795,1437.0,17.66911870979873
FLYALALLL,A*02:01,50,71.50443780759684,39.0,277.3521378003233
GLCTLVAML,A*02:01,163,27.346325584075128,132.0,13.77616782736425
RAKFKQLL,B*08:01,1586,10.403690111776163,1408.0,17.232112538176406
ELAGIGILTV,A*02:01,334,8.801366500432152,313.0,12.882915886311716
AVFDRKSDAK,A*11:01,1880,2.7297123764907316,1641.0,1.3828930819422514
AYAQKIFKI,A*24:02,33,1.0000000000000002,30.0,0.9302892123180708
SLFNTVATLY,A*02:01,35,0.9925600915681037,32.0,0.8750056364702169
LLFGYPVYV,A*02:01,37,0.9819964145401837,33.0,0.8344617316056137
FLASKIGRLV,A*02:01,31,0.9705159705159705,,
LLDFVRFMGV,A*02:01,35,0.9615642106092231,30.0,31.65413309459863
RTLNAWVKV,A*02:01,46,0.9462913862261201,39.0,0.5953157426623185
FLRGRAYGL,B*08:01,34,0.8853237769814151,,
KLGGALQAK,A*03:01,15431,0.43249445421861854,13765.0,1.0051786957709254
RLRAEAQVK,A*03:01,405,0.4317133002733074,354.0,1.3848626109701458
IVTDFSVIK,A*11:01,743,0.2235064886711979,680.0,1.7381187093882189
