cohort,label,chain,frac,n_train,frac_receptors,heldout_auc,I_heldout,top1_excess
tcrvdb_true,TCRvdb pos,A,0.15,14,0.11666666666666667,0.9,0.4599858918043346,0.7333333333333332
tcrvdb_true,TCRvdb pos,A,0.3,28,0.23333333333333334,0.9375,0.38484280047702446,0.6833333333333332
tcrvdb_true,TCRvdb pos,A,0.5,48,0.4,0.9555555555555555,0.49765176671679984,0.75
tcrvdb_true,TCRvdb pos,A,0.7,67,0.5583333333333333,0.9222222222222222,0.5902751649596893,0.8
tcrvdb_true,TCRvdb pos,A,1.0,96,0.8,0.9333333333333333,0.5786812169887185,0.8
tcrvdb_true,TCRvdb pos,B,0.15,14,0.11666666666666667,0.8375,0.2199686816386525,0.4833333333333334
tcrvdb_true,TCRvdb pos,B,0.3,28,0.23333333333333334,0.8666666666666668,0.3005803756490518,0.6166666666666666
tcrvdb_true,TCRvdb pos,B,0.5,48,0.4,0.8458333333333332,0.282714404961245,0.5833333333333333
tcrvdb_true,TCRvdb pos,B,0.7,67,0.5583333333333333,0.8958333333333333,0.23878727449609055,0.5666666666666667
tcrvdb_true,TCRvdb pos,B,1.0,96,0.8,0.888888888888889,0.3655407324823,0.65
vdjdb_hq,VDJdb HQ,A,0.15,300,0.11985617259288853,0.5977657903010543,0.13801847617931484,0.07416635888765778
vdjdb_hq,VDJdb HQ,A,0.3,600,0.24003196164602475,0.6221077504304044,0.155233676548667,0.08927159264192612
vdjdb_hq,VDJdb HQ,A,0.5,1001,0.40015980823012387,0.6386945119562041,0.2204277159155704,0.12766477732577597
vdjdb_hq,VDJdb HQ,A,0.7,1401,0.5598082301238514,0.6500850490804508,0.19946225174081347,0.1251967141201898
vdjdb_hq,VDJdb HQ,A,1.0,2002,0.8,0.6641547972307598,0.22620827076576946,0.14644103020856528
vdjdb_hq,VDJdb HQ,B,0.15,534,0.11990127888714382,0.5934079204713616,0.060163716733777496,0.04480972177570669
vdjdb_hq,VDJdb HQ,B,0.3,1069,0.23984743100740408,0.6136510511006695,0.11451538262437869,0.07274260462856476
vdjdb_hq,VDJdb HQ,B,0.5,1782,0.3998205070675342,0.6357681208325289,0.1376058302774032,0.09749742923664685
vdjdb_hq,VDJdb HQ,B,0.7,2495,0.5599282028270137,0.643969233426622,0.16488070020015327,0.1167983319775219
vdjdb_hq,VDJdb HQ,B,1.0,3565,0.7999999999999999,0.6659104831129692,0.1877475716026958,0.13451313479932822
immrep22_true,IMMREP22 pos,A,0.15,41,0.1174785100286533,0.6028714727170177,0.05151062266201697,0.1276328502415459
immrep22_true,IMMREP22 pos,A,0.3,83,0.23896848137535817,0.6591344904105828,0.22458605839377926,0.1909661835748792
immrep22_true,IMMREP22 pos,A,0.5,139,0.40057306590257885,0.6725128993272322,0.2653817782320319,0.23154589371980677
immrep22_true,IMMREP22 pos,A,0.7,194,0.5581661891117479,0.682212308212949,0.31100062249398197,0.27835748792270526
immrep22_true,IMMREP22 pos,A,1.0,279,0.7999999999999999,0.6928758572440774,0.31638242315060594,0.2746376811594203
immrep22_true,IMMREP22 pos,B,0.15,42,0.11820728291316528,0.6652144558359349,0.17234712139452785,0.18639149713093378
immrep22_true,IMMREP22 pos,B,0.3,85,0.23865546218487396,0.6719939989889289,0.24285153488392583,0.23865414710485128
immrep22_true,IMMREP22 pos,B,0.5,142,0.3983193277310924,0.6690639029380492,0.2710242724533194,0.22231351069379235
immrep22_true,IMMREP22 pos,B,0.7,199,0.5585434173669468,0.7151557199939974,0.39772598554981897,0.32387193531559727
immrep22_true,IMMREP22 pos,B,1.0,285,0.8,0.7249826066319144,0.3692146390235387,0.3336854460093897
vdjdb_lq,VDJdb LQ,A,0.15,173,0.1203883495145631,0.5711704553427974,0.07031451081681665,0.04407558714212775
vdjdb_lq,VDJdb LQ,A,0.3,342,0.23730929264909847,0.5943208003658043,0.11369553857980068,0.0741750746935427
vdjdb_lq,VDJdb LQ,A,0.5,580,0.4023578363384189,0.6122084998527675,0.13017868010371778,0.08779693651731377
vdjdb_lq,VDJdb LQ,A,0.7,805,0.5586685159500694,0.6180503523088826,0.1422461864948516,0.09281518730284377
vdjdb_lq,VDJdb LQ,A,1.0,1153,0.7999999999999999,0.6301076788852045,0.17175349754674646,0.10645461970305695
vdjdb_lq,VDJdb LQ,B,0.15,306,0.11946937182988684,0.5644911741628855,0.053911020851157065,0.03693178512629248
vdjdb_lq,VDJdb LQ,B,0.3,613,0.23940694498634413,0.594790050879707,0.07746909226682108,0.04807778804753301
vdjdb_lq,VDJdb LQ,B,0.5,1027,0.4010144362075692,0.6191052466319857,0.09702371671273884,0.07395874461618085
vdjdb_lq,VDJdb LQ,B,0.7,1432,0.5590323839250878,0.6211276369814627,0.12471005540857609,0.07832933408415946
vdjdb_lq,VDJdb LQ,B,1.0,2050,0.8,0.6286587083189097,0.13630655370142913,0.0930635076984185
immrep25_pos,IMMREP25 pos,A,0.15,118,0.11907164480322906,0.5769981625281011,0.09144774308302103,0.055688717852059276
immrep25_pos,IMMREP25 pos,A,0.3,237,0.2393541876892028,0.5990275722702879,0.14891569002798657,0.07479023531097957
immrep25_pos,IMMREP25 pos,A,0.5,396,0.39959636730575177,0.612146167881817,0.12093330404343394,0.0938918612579463
immrep25_pos,IMMREP25 pos,A,0.7,554,0.5596367305751766,0.6305916786559458,0.12771551754241312,0.099213688132098
immrep25_pos,IMMREP25 pos,A,1.0,792,0.7999999999999999,0.6327520571537453,0.13452244075367883,0.1194049137734973
immrep25_pos,IMMREP25 pos,B,0.15,118,0.11943605236656596,0.5765000521727224,0.06373492196693395,0.0321633152471555
immrep25_pos,IMMREP25 pos,B,0.3,237,0.23947633434038268,0.5784794331836947,0.06336491638217705,0.050185590365436974
immrep25_pos,IMMREP25 pos,B,0.5,397,0.3997985901309164,0.5980030063338015,0.058740771055512966,0.08302955500522281
immrep25_pos,IMMREP25 pos,B,0.7,555,0.5597180261832829,0.6126738589973753,0.14985290754158495,0.09363574918719061
immrep25_pos,IMMREP25 pos,B,1.0,794,0.7999999999999999,0.6326244005074415,0.11555003495857999,0.10640004915593385
pairseq_mock,pairSEQ mock,A,0.15,120,0.12,0.5050415512465374,0.031828176589097666,-0.004210526315789476
pairseq_mock,pairSEQ mock,A,0.3,240,0.24,0.4948736842105263,-0.01662629311736219,-0.01578947368421053
pairseq_mock,pairSEQ mock,A,0.5,400,0.4,0.4841842105263158,0.01110490498912231,-0.010526315789473686
pairseq_mock,pairSEQ mock,A,0.7,560,0.56,0.4868842105263158,-0.044040907593059765,-0.005263157894736846
pairseq_mock,pairSEQ mock,A,1.0,800,0.8,0.4796473684210527,0.010960784529771806,-0.005263157894736843
pairseq_mock,pairSEQ mock,B,0.15,119,0.1192,0.5180684210526315,-0.017518007462827435,0.0031578947368421017
pairseq_mock,pairSEQ mock,B,0.3,239,0.2394,0.5326526315789474,0.026491205044577713,0.02421052631578947
pairseq_mock,pairSEQ mock,B,0.5,399,0.3994,0.5409368421052632,0.0673525790056897,0.019999999999999997
pairseq_mock,pairSEQ mock,B,0.7,559,0.5596,0.5364368421052632,0.03264484267460817,0.015789473684210527
pairseq_mock,pairSEQ mock,B,1.0,800,0.8,0.5525105263157895,0.0663790923160283,0.02947368421052632
