score,hla,n_pep,macro,mx,var,n_ge_best,p_max,p_max_bh
kf_PC2,A*02:01,10,0.5021754385964912,0.5897076023391813,0.0010023274169830032,0,0.0004997501249375312,0.007871064467766116
kf2_sum_a,A*02:01,10,0.5029356725146198,0.5873684210526315,0.0010210825895147217,0,0.0004997501249375312,0.007871064467766116
kf_PC1,A*02:01,10,0.5032982456140351,0.5861988304093567,0.001098273793645908,0,0.0004997501249375312,0.007871064467766116
kf2_mean_a,A*02:01,10,0.5025730994152047,0.584093567251462,0.0009624759755138334,0,0.0004997501249375312,0.007871064467766116
kf10_sum_a,B*40:01,10,0.5015438596491228,0.5837426900584795,0.0008487775383878785,0,0.0004997501249375312,0.007871064467766116
len_b,B*40:01,10,0.501774993070673,0.5768696250429997,0.0007361318317788887,0,0.0004997501249375312,0.007871064467766116
kf9_mean_a,A*02:01,10,0.5015906432748538,0.5766081871345029,0.0007144795321637426,0,0.0009995002498750624,0.008995502248875561
kf10_mean_a,B*40:01,10,0.5012397660818714,0.576374269005848,0.000689377791457201,0,0.0009995002498750624,0.008995502248875561
len_a,B*40:01,10,0.5019713992976544,0.575287081339713,0.0007683807547413158,0,0.0009995002498750624,0.008995502248875561
kf6_mean_a,A*02:01,10,0.5009122807017543,0.5749707602339181,0.0007012887384152391,0,0.0004997501249375312,0.007871064467766116
kf10_sum_ab,B*40:01,10,0.5014502923976608,0.5742690058479532,0.0008196195752539234,0,0.0009995002498750624,0.008995502248875561
kf6_sum_a,A*02:01,10,0.5009590643274853,0.5721637426900585,0.0006607429294483783,0,0.0004997501249375312,0.007871064467766116
kf2_mean_b,A*02:01,10,0.5010058479532163,0.5716959064327485,0.0007176969323894524,0,0.0014992503748125937,0.011806596701649175
kf2_sum_b,A*02:01,10,0.5010526315789474,0.5714619883040936,0.000731282787866352,0,0.0014992503748125937,0.011806596701649175
kf7_sum_ab,B*40:01,10,0.5012514619883042,0.5687719298245614,0.0006162499230532467,0,0.004497751124437781,0.02982719166732423
len_diff,B*40:01,10,0.5011941627864103,0.5658290888511601,0.0005152890325963868,0,0.0009995002498750624,0.008995502248875561
kf3_sum_ab,A*02:01,10,0.5014502923976607,0.5656140350877192,0.0006984828152251969,0,0.0009995002498750624,0.008995502248875561
kf8_sum_ab,A*02:01,10,0.5009005847953216,0.5621052631578948,0.0006377895420813247,0,0.0029985007496251873,0.022224182026633742
kf6_mean_a,B*40:01,10,0.5017777777777778,0.5609356725146198,0.0006355399610136445,0,0.004497751124437781,0.02982719166732423
kf6_sum_a,B*40:01,10,0.5016491228070176,0.56,0.0006199034232755386,0,0.005997001499250375,0.035982008995502246
kf6_sum_ab,A*02:01,10,0.500842105263158,0.5595321637426901,0.0004927705618822892,0,0.005997001499250375,0.035982008995502246
len_b,A*02:01,10,0.5008819031423131,0.5534360290971331,0.00037731392702364025,0,0.008995502248875561,0.05151969469810549
degree_ab,B*40:01,10,0.5006783625730995,0.552280701754386,0.00040738634109640663,0,0.013493253373313344,0.07391956195815137
degree_ab,A*02:01,10,0.5012865497076022,0.5515789473684211,0.0005748640607366367,0,0.017991004497751123,0.09445277361319339
kf9_sum_a,A*02:01,10,0.5012982456140351,0.551345029239766,0.00037145774768304715,0,0.02148925537231384,0.10830584707646176
degree_b,A*02:01,10,0.5016842105263158,0.5483040935672515,0.00045990273930440176,0,0.030984507746126936,0.13643178410794604
pgen_ab,A*02:01,10,0.5013801169590644,0.5483040935672514,0.0005241210628911452,0,0.02498750624687656,0.1210932995040941
pgen_a,B*40:01,10,0.5006549707602339,0.5480701754385965,0.00040011819021237296,0,0.02848575712143928,0.1329335332333833
kf_PC3,B*40:01,10,0.5017076023391812,0.5464327485380117,0.00039694182825484827,0,0.031484257871064465,0.13643178410794604
pgen_ab,B*40:01,10,0.5008888888888888,0.5459649122807018,0.0003444046373243053,0,0.03248375812093953,0.13643178410794604
kf8_mean_a,B*40:01,10,0.5013333333333333,0.5459649122807018,0.00033896296296296284,0,0.035982008995502246,0.1416791604197901
kf9_sum_ab,A*02:01,10,0.5004912280701754,0.5451461988304094,0.00028191046817824304,0,0.04697651174412794,0.1644177911044478
degree_b,B*40:01,10,0.5007251461988305,0.5450292397660819,0.0004247072261550558,0,0.035982008995502246,0.1416791604197901
kf2_mean_b,B*40:01,10,0.5009707602339181,0.5445614035087719,0.0003774044663315206,0,0.04147926036981509,0.15371725901755004
kf2_sum_b,B*40:01,10,0.5009707602339181,0.544327485380117,0.00037846598953524186,0,0.03948025987006497,0.15074281041297535
kf1_sum_ab,B*40:01,10,0.5012397660818714,0.543859649122807,0.000499318627953901,0,0.04697651174412794,0.1644177911044478
kf4_mean_b,A*02:01,10,0.5012514619883042,0.5431578947368421,0.00034472158954892095,0,0.06446776611694154,0.19812045196913738
kf7_sum_a,B*40:01,10,0.5011461988304095,0.5430409356725147,0.0005153416093840843,0,0.054972513743128434,0.18720369544957252
kf8_sum_a,B*40:01,10,0.5008888888888888,0.5426900584795322,0.00044219335864026583,0,0.05647176411794103,0.18724848102264657
kf5_sum_a,B*40:01,10,0.5016140350877194,0.5426900584795321,0.0004249944940323515,0,0.0704647676161919,0.2113943028485757
kf4_mean_b,B*40:01,10,0.5005847953216375,0.5426900584795321,0.0003396764816524737,0,0.05997001499250375,0.19374927920655058
kf10_sum_ab,A*02:01,10,0.5004678362573098,0.5415204678362573,0.00025518415922848043,0,0.06446776611694154,0.19812045196913738
kf9_mean_b,B*40:01,10,0.5008888888888888,0.5410526315789473,0.0003744090831366917,0,0.07246376811594203,0.21233569261880686
kf4_sum_ab,A*02:01,10,0.5011929824561403,0.5407017543859649,0.00046500954139735306,0,0.08245877061469266,0.23613193403298352
kf4_mean_a,B*40:01,10,0.5013216374269005,0.5394152046783626,0.00043592230087890327,0,0.08945527236381809,0.24502965908350174
kf6_mean_b,A*02:01,10,0.5009122807017544,0.5391812865497077,0.0002563901371362133,0,0.09395302348825588,0.2518740629685158
degree_a,A*02:01,10,0.5005614035087719,0.5387134502923977,0.00026618460380972,0,0.1054472763618191,0.2711501392161062
kf5_mean_a,B*40:01,10,0.5012397660818714,0.5384795321637427,0.000356757156048015,0,0.12643678160919541,0.29501915708812265
len_diff,A*02:01,10,0.5008928327120322,0.5383391812865497,0.0003128698432445196,0,0.08895552223888056,0.24502965908350174
kf4_sum_ab,B*40:01,10,0.5007485380116959,0.5382456140350877,0.00030101350842994456,0,0.10144927536231885,0.266304347826087
kf4_sum_a,B*40:01,10,0.5013684210526316,0.5380116959064327,0.00042094880476043953,0,0.111944027986007,0.27656759855366436
kf5_sum_ab,A*02:01,10,0.5007953216374269,0.5380116959064327,0.0003433009814985808,0,0.1199400299850075,0.2851404486436027
kf6_sum_b,A*02:01,10,0.5010350877192983,0.5375438596491228,0.0002310441161382987,0,0.11494252873563218,0.27851458885941643
kf_PC1,B*40:01,10,0.5006783625730994,0.5370760233918129,0.00024805936869464184,0,0.13343328335832083,0.3002248875562219
pgen_b,B*40:01,10,0.5007485380116958,0.5370760233918128,0.00034066468315037044,0,0.11044477761119441,0.27656759855366436
kf4_sum_b,B*40:01,10,0.5008187134502924,0.5356725146198831,0.0003104298758592393,0,0.14992503748125938,0.32569921935583934
kf1_mean_b,B*40:01,10,0.5004678362573098,0.535672514619883,0.00024838822201703013,0,0.1359320339830085,0.30048133827822926
len_a,A*02:01,10,0.5008553473195688,0.5354475933423302,0.00026267609487489656,0,0.13093453273363317,0.2999591113534142
degree_a,B*40:01,10,0.5008654970760235,0.5347368421052632,0.00033601915119182014,0,0.1664167916041979,0.35539857190049046
kf_PC3,A*02:01,10,0.5006549707602338,0.5345029239766081,0.00026256885879415864,0,0.17091454272863568,0.35782108945527236
kf5_mean_a,A*02:01,10,0.5006783625730994,0.5345029239766081,0.00023526637255907797,0,0.17791104447776113,0.35782108945527236
kf8_sum_ab,B*40:01,10,0.500608187134503,0.5343859649122807,0.00022090024280975386,0,0.1874062968515742,0.3632798985122823
kf5_sum_a,A*02:01,10,0.5008654970760233,0.5342690058479532,0.0002636167025751512,0,0.17891054472763618,0.35782108945527236
kf9_sum_b,A*02:01,10,0.5004093567251462,0.5336842105263158,0.00028043432167162535,0,0.17841079460269865,0.35782108945527236
kf3_sum_a,B*40:01,10,0.5012514619883041,0.5335672514619884,0.0003172806675558295,0,0.1839080459770115,0.3620689655172414
kf4_sum_b,A*02:01,10,0.5011111111111111,0.5334502923976608,0.0002911507814370238,0,0.19440279860069964,0.3711326155104266
kf1_mean_a,A*02:01,10,0.5002105263157894,0.5330994152046784,0.00019809390923703052,0,0.20789605197401298,0.39096869475709906
kf3_mean_b,A*02:01,10,0.5003508771929824,0.5328654970760234,0.00022966109230190446,0,0.21739130434782608,0.40281329923273657
kf8_mean_b,A*02:01,10,0.5009590643274853,0.5318128654970761,0.0002795466639307824,0,0.2273863068465767,0.40929535232383807
kf1_sum_a,A*02:01,10,0.5004912280701754,0.5316959064327486,0.0002087036695051472,0,0.23288355822088955,0.4132863145891843
kf7_mean_b,A*02:01,10,0.500280701754386,0.5316959064327486,0.0001366360931568688,0,0.24287856071964017,0.4250374812593703
kf10_sum_a,A*02:01,10,0.5005380116959064,0.531578947368421,0.00019311022194863373,0,0.22288855572213892,0.4070138843621667
kf3_mean_b,B*40:01,10,0.5004912280701754,0.5314619883040935,0.00024729332102185286,0,0.2613693153423288,0.4450342396369383
pgen_a,A*02:01,10,0.5007953216374269,0.5314619883040935,0.0001684369207619436,0,0.24687656171914044,0.42611570926865333
kf6_sum_ab,B*40:01,10,0.5009356725146199,0.5307602339181287,0.0003212065250846416,0,0.29035482258870565,0.46309756514147987
kf1_mean_a,B*40:01,10,0.5009122807017543,0.5300584795321638,0.0002724853459184026,0,0.27786106946526734,0.45468175003407385
kf2_sum_ab,A*02:01,10,0.5010058479532163,0.5300584795321638,0.0003499612188365656,0,0.26686656671664166,0.4474078750098635
len_ab,B*40:01,10,0.5010694111237666,0.5298913951545531,0.00030410996947965953,0,0.2698650674662669,0.4474078750098635
kf3_sum_a,A*02:01,10,0.50106432748538,0.5298245614035088,0.0003521341951369653,0,0.30884557721139433,0.4696085692093713
kf9_mean_b,A*02:01,10,0.50046783625731,0.5295906432748538,0.0002468342395950892,0,0.28585707146426786,0.4617691154422789
kf_PC2,B*40:01,10,0.5004444444444445,0.5295906432748538,0.00022287828733627465,0,0.30934532733633185,0.4696085692093713
kf7_mean_a,A*02:01,10,0.5007017543859649,0.5295906432748538,0.00026384049793098756,0,0.2943528235882059,0.4636056971514243
kf9_mean_a,B*40:01,10,0.500608187134503,0.5291228070175439,0.00016643425327451204,0,0.30934532733633185,0.4696085692093713
kf3_mean_a,A*02:01,10,0.5012865497076024,0.528187134502924,0.00032961116240894615,0,0.36931534232883556,0.5348704957865894
kf10_sum_b,B*40:01,10,0.5003976608187134,0.528187134502924,0.00014321863137375606,0,0.3613193403298351,0.529374847459991
kf7_mean_a,B*40:01,10,0.5012163742690059,0.527953216374269,0.00029646099654594545,0,0.35282358820589704,0.5237498897610018
kf1_sum_b,B*40:01,10,0.5003040935672514,0.527719298245614,0.00020204014910570772,0,0.35332333833083457,0.5237498897610018
kf3_sum_b,B*40:01,10,0.5004678362573098,0.5273684210526316,0.0002566478574604151,0,0.40379810094952523,0.5667166416791604
kf5_sum_b,B*40:01,10,0.50046783625731,0.5272514619883041,0.0001803303580588897,0,0.391304347826087,0.5602766798418973
kf3_mean_a,B*40:01,10,0.5007017543859649,0.5267836257309941,0.0003259231900413802,0,0.4047976011994003,0.5667166416791604
kf3_sum_b,A*02:01,10,0.500327485380117,0.5266666666666666,0.0002021977360555381,0,0.4107946026986507,0.5687699628446646
kf1_sum_a,B*40:01,10,0.5011695906432748,0.5261988304093568,0.00023196470708936097,0,0.41529235382308843,0.5687699628446646
kf8_sum_b,B*40:01,10,0.500608187134503,0.5259649122807017,0.0001624809001060157,0,0.4332833583208396,0.5807840760470828
kf10_mean_a,A*02:01,10,0.5003274853801168,0.5258479532163742,0.00015001894600047853,0,0.42328835582208896,0.5734874498234754
kf5_mean_b,B*40:01,10,0.5004210526315789,0.5251461988304094,0.00018458794158886493,0,0.4752623688155922,0.6303479839027855
kf8_sum_b,A*02:01,10,0.5007953216374269,0.5247953216374269,0.00020970500324886304,0,0.4867566216891554,0.6335014311026306
kf7_sum_a,A*02:01,10,0.500608187134503,0.5246783625730994,0.00022582483499196363,0,0.49775112443778113,0.6335014311026306
kf2_sum_ab,B*40:01,10,0.5004444444444445,0.5245614035087719,0.00020312246503197546,0,0.4917541229385307,0.6335014311026306
kf1_mean_b,A*02:01,10,0.5002105263157894,0.5244444444444445,0.00010346239868677548,0,0.511744127936032,0.6447976011994002
len_ab,A*02:01,10,0.500462408550834,0.5240178878568972,0.00012911933595468927,0,0.496751624187906,0.6335014311026306
kf6_sum_b,B*40:01,10,0.5008187134502924,0.523859649122807,0.00019359666222085444,0,0.5332333833083458,0.6652218445232829
kf7_mean_b,B*40:01,10,0.5004444444444445,0.5232748538011696,0.000200553469443589,0,0.5562218890554723,0.68709762765676
pgen_b,A*02:01,10,0.5008654970760233,0.5230409356725146,0.00021814630142608012,0,0.5777111444277861,0.706714603863117
kf7_sum_b,B*40:01,10,0.5005263157894737,0.5223391812865497,0.00020167367737081474,0,0.600199900049975,0.7271652635220852
kf9_sum_b,B*40:01,10,0.5006783625730995,0.5216374269005848,0.0002500593002975276,0,0.6316841579210395,0.7580209895052474
kf10_mean_b,A*02:01,10,0.5007251461988304,0.5214035087719299,0.00023595581546458777,0,0.6531734132933533,0.7764136799524766
kf8_sum_a,A*02:01,10,0.5007251461988304,0.5212865497076024,0.00018463062138777733,0,0.6686656671664168,0.7874006921772759
kf4_sum_a,A*02:01,10,0.500842105263158,0.5207017543859649,0.0001934647925857527,0,0.6931534232883558,0.8012599204984663
kf8_mean_b,B*40:01,10,0.5002105263157894,0.5207017543859649,0.00014203016312711598,0,0.6816591704147926,0.7952690321505914
kf1_sum_ab,A*02:01,10,0.5006081871345028,0.5203508771929825,0.00012817837967237774,0,0.7031484257871065,0.8054245604470492
kf10_mean_b,B*40:01,10,0.500374269005848,0.52,0.00012063554597995985,0,0.7101449275362319,0.8061104582843713
kf8_mean_a,A*02:01,10,0.5004912280701753,0.519298245614035,0.00015781074518655302,0,0.736631684157921,0.8287106446776612
kf4_mean_a,A*02:01,10,0.5007719298245614,0.5185964912280702,0.00017671406586642024,0,0.791104447776112,0.8821164638919479
kf10_sum_b,A*02:01,10,0.5006783625730995,0.5181286549707602,0.00023296549365616734,0,0.7986006996501749,0.8826639311922986
kf5_sum_b,A*02:01,10,0.5004912280701754,0.5178947368421053,0.0001189584487534629,0,0.8065967016491754,0.8837494296330095
kf7_sum_ab,A*02:01,10,0.5003976608187135,0.5174269005847953,0.00017441865873260134,0,0.8265867066466767,0.897844181357597
kf5_mean_b,A*02:01,10,0.5004912280701754,0.5171929824561403,0.00011924298074621226,0,0.8350824587706147,0.8993195709837389
kf3_sum_ab,B*40:01,10,0.5000935672514619,0.5163742690058479,0.00010657036353065898,0,0.8530734632683659,0.9109089523035093
kf5_sum_ab,B*40:01,10,0.5004678362573098,0.516140350877193,0.00014677473410622081,0,0.8740629685157422,0.9177661169415292
kf9_sum_ab,B*40:01,10,0.5008187134502924,0.516140350877193,0.00014622755719708645,0,0.8680659670164917,0.9177661169415292
kf1_sum_b,A*02:01,10,0.5003976608187135,0.5153216374269006,8.517957662186666e-05,0,0.9005497251374313,0.9300759456337405
kf6_mean_b,B*40:01,10,0.5007485380116959,0.5148538011695907,0.00019799103997811322,0,0.9110444777611194,0.9332650747796833
kf9_sum_a,B*40:01,10,0.5006432748538012,0.5147368421052632,0.00010706952566601708,0,0.9005497251374313,0.9300759456337405
kf2_sum_a,B*40:01,10,0.5003976608187135,0.5134502923976608,0.00011634950925070956,0,0.9425287356321839,0.9520839580209896
kf2_mean_a,B*40:01,10,0.5003274853801171,0.5132163742690059,0.00011837023357614315,0,0.9445277361319341,0.9520839580209896
kf7_sum_b,A*02:01,10,0.5001871345029241,0.5097076023391813,3.3099278410451244e-05,0,0.9940029985007496,0.9940029985007496
