cohort,label,chain,d,sn,lo,hi,n_ep
tcrvdb_true,TCRvdb pos,A,1,164.33806619283305,78.87240867588497,342.4137851676552,2
tcrvdb_true,TCRvdb pos,A,2,227.0992311192905,121.31392818795386,425.1289323932228,2
tcrvdb_true,TCRvdb pos,A,3,99.07926819412509,58.19872969166809,168.67552673213694,2
tcrvdb_true,TCRvdb pos,B,1,149.08051515875582,108.88579933539698,204.11293424536618,2
tcrvdb_true,TCRvdb pos,B,2,252.96206821451617,127.99613296453701,499.93547830929185,2
tcrvdb_true,TCRvdb pos,B,3,326.890594887498,89.01654989600739,1200.4224062911603,2
vdjdb_hq,VDJdb HQ,A,1,9.153394082340505,6.267770393028162,13.36753230779201,46
vdjdb_hq,VDJdb HQ,A,2,7.910100688068906,5.408830671240904,11.568062802940977,46
vdjdb_hq,VDJdb HQ,A,3,5.580757718218748,3.963734687400578,7.857452419420879,46
vdjdb_hq,VDJdb HQ,B,1,14.762064995363788,11.466515831756162,19.00477582944822,83
vdjdb_hq,VDJdb HQ,B,2,14.389154293250499,11.11211086356071,18.63262199389396,83
vdjdb_hq,VDJdb HQ,B,3,7.452198340832636,6.010522073006629,9.239673265741526,83
immrep22_true,IMMREP22 pos,A,1,6.149156788224945,2.3692340302260924,15.9596429579245,7
immrep22_true,IMMREP22 pos,A,2,5.784326277563872,2.2702799664969042,14.73757905591841,7
immrep22_true,IMMREP22 pos,A,3,4.406399390046379,2.092366813617024,9.27961362139773,7
immrep22_true,IMMREP22 pos,B,1,4.056505096702933,1.2077932126964648,13.62421433288208,7
immrep22_true,IMMREP22 pos,B,2,7.248627228713213,3.2811026618219223,16.013700915919184,7
immrep22_true,IMMREP22 pos,B,3,5.769726295116037,2.4987344726854968,13.322640674491327,7
vdjdb_lq,VDJdb LQ,A,1,3.1675923765812306,2.072871272222168,4.840455651362867,31
vdjdb_lq,VDJdb LQ,A,2,3.018324277703713,1.9602889083822446,4.647417738487347,31
vdjdb_lq,VDJdb LQ,A,3,2.285758485618889,1.4672530461614521,3.5608662515626133,31
vdjdb_lq,VDJdb LQ,B,1,3.4911140267760925,2.3812739164090186,5.118217213050486,50
vdjdb_lq,VDJdb LQ,B,2,3.892996181586633,2.595186329837154,5.839819320718716,50
vdjdb_lq,VDJdb LQ,B,3,2.6359449104879737,1.8709592030929034,3.7137130300015615,50
tcrvdb_false,TCRvdb neg,A,1,5.316569029468845,0.9879304641362201,28.611230517950563,2
tcrvdb_false,TCRvdb neg,A,2,7.1627243614064575,3.020686009034243,16.984426757380316,2
tcrvdb_false,TCRvdb neg,A,3,3.167483731176868,1.1594119529780051,8.653484347388359,2
tcrvdb_false,TCRvdb neg,B,1,27.874719729532714,16.001022233000143,48.559397561334144,2
tcrvdb_false,TCRvdb neg,B,2,19.530913045447846,12.260183760906171,31.11344591793058,2
tcrvdb_false,TCRvdb neg,B,3,18.378650937670997,15.426880863463184,21.895210916468304,2
immrep25_pos,IMMREP25 pos,A,1,2.9832555922332804,2.0239750611912095,4.397195449312089,20
immrep25_pos,IMMREP25 pos,A,2,3.495444998762882,2.499541673915777,4.888150442491137,20
immrep25_pos,IMMREP25 pos,A,3,2.6547682972747477,1.9737047973488853,3.5708454079261416,20
immrep25_pos,IMMREP25 pos,B,1,2.3771371861707125,1.4797470620871689,3.818748045970263,20
immrep25_pos,IMMREP25 pos,B,2,3.0470094980510583,1.8088381500708373,5.132723942631227,20
immrep25_pos,IMMREP25 pos,B,3,2.137866888911622,1.2911886386399987,3.5397421398616955,20
pairseq_mock,pairSEQ mock,A,1,0.9851469517513047,0.8786254437900939,1.1045827586763424,20
pairseq_mock,pairSEQ mock,A,2,0.7476139564309792,0.5842741861743838,0.9566170148813722,20
pairseq_mock,pairSEQ mock,A,3,0.8623947725128264,0.6647194597182511,1.1188550790625051,20
pairseq_mock,pairSEQ mock,B,1,0.9467329086716181,0.8553068211140771,1.0479317810120417,20
pairseq_mock,pairSEQ mock,B,2,0.8329337019864281,0.6133288778204854,1.1311688997430138,20
pairseq_mock,pairSEQ mock,B,3,0.8732422846015453,0.7054004610493474,1.0810201151297245,20
mlr_prolif,MLR expanded,A,1,,,,0
mlr_prolif,MLR expanded,A,2,,,,0
mlr_prolif,MLR expanded,A,3,,,,0
mlr_prolif,MLR expanded,B,1,1.9689535486416025,1.3094547437909134,2.9606048586948206,12
mlr_prolif,MLR expanded,B,2,1.4275716646013235,1.1149475595330467,1.8278535525259283,12
mlr_prolif,MLR expanded,B,3,1.1569051112631952,1.0459628494861442,1.2796146986716053,12
airr_control,AIRR rand,A,1,0.9948575007721976,0.9879482286511663,1.001815093280733,20
airr_control,AIRR rand,A,2,0.8740174932254379,0.8483692241414219,0.9004411719875594,20
airr_control,AIRR rand,A,3,0.6342200781157303,0.5152929425340962,0.7805950252433503,20
airr_control,AIRR rand,B,1,1.0,1.0,1.0,20
airr_control,AIRR rand,B,2,0.9751534155296698,0.9601720376541223,0.9903685449354102,20
airr_control,AIRR rand,B,3,0.8622085133387752,0.7244191262276084,1.0262063680525848,20
olga_random,OLGA rand,A,1,0.9603758926716232,0.804396254805209,1.1466013792520262,20
olga_random,OLGA rand,A,2,1.0720495863040216,0.7950791609567488,1.445504261628036,20
olga_random,OLGA rand,A,3,0.6924603187009947,0.4751819150445922,1.009089945964138,20
olga_random,OLGA rand,B,1,0.9743349054828115,0.9628078379005018,0.9859999790947948,20
olga_random,OLGA rand,B,2,0.9500385614602131,0.8238012267963042,1.0956202041254846,20
olga_random,OLGA rand,B,3,0.8102623978183436,0.6019034657709366,1.0907482522590797,20
