cohort,label,chain,representation,I_bits,U,p
tcrvdb_true,TCRvdb pos,A,gene,0.4433224787671947,0.4433224787671947,0.0
tcrvdb_true,TCRvdb pos,A,ksg,0.6482992971026692,0.6482992971026692,0.0
tcrvdb_true,TCRvdb pos,A,cluster,0.5331985280305455,0.5331985280305455,0.0
tcrvdb_true,TCRvdb pos,A,held,0.5882253706335712,0.5882253706335712,
tcrvdb_true,TCRvdb pos,B,gene,0.5006091917962312,0.5006091917962312,0.0
tcrvdb_true,TCRvdb pos,B,ksg,0.6499281107198369,0.6499281107198369,0.0
tcrvdb_true,TCRvdb pos,B,cluster,0.229221601480544,0.229221601480544,0.0
tcrvdb_true,TCRvdb pos,B,held,0.3769101975188526,0.3769101975188526,
vdjdb_hq,VDJdb HQ,A,gene,0.570793282046683,0.10374699603783395,0.0
vdjdb_hq,VDJdb HQ,A,ksg,0.696020936819859,0.12650828880742432,0.0
vdjdb_hq,VDJdb HQ,A,cluster,0.1924128658164321,0.03497283071711594,0.0
vdjdb_hq,VDJdb HQ,A,held,0.2324757350195713,0.04225463038647926,
vdjdb_hq,VDJdb HQ,B,gene,0.6119042842750764,0.09644603857665238,0.0
vdjdb_hq,VDJdb HQ,B,ksg,0.6651542155934824,0.10483909131728386,0.0
vdjdb_hq,VDJdb HQ,B,cluster,0.1735443555206259,0.02735340483378326,0.0
vdjdb_hq,VDJdb HQ,B,held,0.1969294512769812,0.03103927516578809,
immrep22_true,IMMREP22 pos,A,gene,0.45136475738337767,0.16268511335142627,0.0
immrep22_true,IMMREP22 pos,A,ksg,0.6491997736673993,0.23399066284897016,0.0
immrep22_true,IMMREP22 pos,A,cluster,0.2336773022873578,0.08422416191874867,0.0
immrep22_true,IMMREP22 pos,A,held,0.3230538543843088,0.11643809592889119,
immrep22_true,IMMREP22 pos,B,gene,0.5894364338771196,0.21155082573062706,0.0
immrep22_true,IMMREP22 pos,B,ksg,0.6460439317198576,0.23186745738572495,0.0
immrep22_true,IMMREP22 pos,B,cluster,0.2008078836974622,0.07207066134339758,0.0
immrep22_true,IMMREP22 pos,B,held,0.3531666302675263,0.12675275561465155,
vdjdb_lq,VDJdb LQ,A,gene,0.3360501101553224,0.06840527102271261,0.0
vdjdb_lq,VDJdb LQ,A,ksg,0.4517350610194727,0.09195372459546637,0.0
vdjdb_lq,VDJdb LQ,A,cluster,0.1047014407022907,0.02131268585032849,0.0
vdjdb_lq,VDJdb LQ,A,held,0.1665103621531971,0.03389430952995352,
vdjdb_lq,VDJdb LQ,B,gene,0.3433877342121052,0.06121522127317395,0.0
vdjdb_lq,VDJdb LQ,B,ksg,0.44147183009208796,0.07870052734110598,0.0
vdjdb_lq,VDJdb LQ,B,cluster,0.125707221835857,0.022409639697743976,0.0
vdjdb_lq,VDJdb LQ,B,held,0.1354486572023225,0.024146230909555193,
tcrvdb_false,TCRvdb neg,A,gene,0.1132669181785333,0.11410662432282384,0.0
tcrvdb_false,TCRvdb neg,A,ksg,0.03781128726356957,0.03809160185806316,0.175
tcrvdb_false,TCRvdb neg,A,cluster,-0.0063406722391568,-0.006387678916161645,0.536
tcrvdb_false,TCRvdb neg,A,held,0.0074523026458269,0.0075075504129723785,
tcrvdb_false,TCRvdb neg,B,gene,0.17438603743716385,0.17661491353287834,0.0
tcrvdb_false,TCRvdb neg,B,ksg,0.25427372202495707,0.25752366467586446,0.0
tcrvdb_false,TCRvdb neg,B,cluster,0.0602092474687801,0.060978798485572236,0.011
tcrvdb_false,TCRvdb neg,B,held,0.0852080265008329,0.0862970938150618,
immrep25_pos,IMMREP25 pos,A,gene,0.2620935950159158,0.06064418565178307,0.0
immrep25_pos,IMMREP25 pos,A,ksg,0.3664366616417605,0.08478747043350326,0.0
immrep25_pos,IMMREP25 pos,A,cluster,0.137680381950817,0.031856996135776305,0.0
immrep25_pos,IMMREP25 pos,A,held,0.1402211042965084,0.0324448778717355,
immrep25_pos,IMMREP25 pos,B,gene,0.34132018507052964,0.07897635719866423,0.0
immrep25_pos,IMMREP25 pos,B,ksg,0.2787818432633358,0.06450592551248517,0.0
immrep25_pos,IMMREP25 pos,B,cluster,0.0370726391975871,0.00857805111924697,0.003
immrep25_pos,IMMREP25 pos,B,held,0.1025187395941247,0.02372129440885361,
pairseq_mock,pairSEQ mock,A,gene,-0.0022106391012615134,-0.0005114937251909849,0.53
pairseq_mock,pairSEQ mock,A,ksg,-0.012288968453981183,-0.0028433995624588143,1.0
pairseq_mock,pairSEQ mock,A,cluster,-0.0189649928770368,-0.004388086164476335,0.943
pairseq_mock,pairSEQ mock,A,held,0.0016722731979676,0.0003869275844606995,
pairseq_mock,pairSEQ mock,B,gene,0.08187647451831037,0.018944432373867205,0.0
pairseq_mock,pairSEQ mock,B,ksg,0.07071950583312626,0.01636295289520992,0.015
pairseq_mock,pairSEQ mock,B,cluster,0.0060165943650251,0.0013921088534865832,0.316
pairseq_mock,pairSEQ mock,B,held,0.0539789492104703,0.01248955281656001,
mlr_prolif,MLR expanded,B,gene,0.0,0.0,1.0
mlr_prolif,MLR expanded,B,ksg,-0.026441436041231507,-0.0073756520565870665,1.0
mlr_prolif,MLR expanded,B,cluster,-0.0210609236527089,-0.005874796081820174,0.957
mlr_prolif,MLR expanded,B,held,-0.0384754538295727,-0.010732456426485053,
airr_control,AIRR rand,A,gene,-0.006889407600623176,-0.0015940588203614543,0.79
airr_control,AIRR rand,A,ksg,-0.011971771182809107,-0.0027700070246358677,1.0
airr_control,AIRR rand,A,cluster,0.0059716559404432,0.0013817110811046088,0.3
airr_control,AIRR rand,A,held,0.0195063074390223,0.004513334560585898,
airr_control,AIRR rand,B,gene,-0.0019922188349390524,-0.0004609560342514151,0.53
airr_control,AIRR rand,B,ksg,0.016911246075765038,0.003912893899315504,0.16
airr_control,AIRR rand,B,cluster,0.0045539658060224,0.0010536884709881054,0.34
airr_control,AIRR rand,B,held,0.003606849394639,0.0008345463680679308,
olga_random,OLGA rand,A,gene,0.01876309147304811,0.004341370578386985,0.048
olga_random,OLGA rand,A,ksg,-0.012278344650223314,-0.0028409414457283588,1.0
olga_random,OLGA rand,A,cluster,0.0084247492500742,0.0019493034278011893,0.274
olga_random,OLGA rand,A,held,-0.0083720139977507,-0.001937101639348049,
olga_random,OLGA rand,B,gene,-0.025692844172765295,-0.005944764375686564,0.962
olga_random,OLGA rand,B,ksg,0.0029431817085525443,0.0006809881247293747,0.29
olga_random,OLGA rand,B,cluster,-0.0112113677123885,-0.0025940662283694678,0.821
olga_random,OLGA rand,B,held,-0.0068718895899929,-0.0015900055343637072,
