kind,hla,pep1,pep2,length,lev,hamming,lcsubstr
within,A*02:01,FLDCKSYIL,HLDDYPYLM,9,6,6,2
within,A*02:01,FLDCKSYIL,ILHTHVPEV,9,8,8,2
within,A*02:01,FLDCKSYIL,ILMHATYFL,9,6,6,2
within,A*02:01,FLDCKSYIL,KLYPFLWFA,9,8,8,2
within,A*02:01,FLDCKSYIL,MTDYDYLEV,9,8,8,1
within,A*02:01,FLDCKSYIL,SQFNWTIYL,9,8,8,1
within,A*02:01,FLDCKSYIL,TVYPYGTSL,9,8,8,1
within,A*02:01,FLDCKSYIL,YLFNADIWI,9,8,8,1
within,A*02:01,FLDCKSYIL,YMFYDGYDV,9,8,8,1
within,A*02:01,HLDDYPYLM,ILHTHVPEV,9,8,8,1
within,A*02:01,HLDDYPYLM,ILMHATYFL,9,7,7,2
within,A*02:01,HLDDYPYLM,KLYPFLWFA,9,7,8,2
within,A*02:01,HLDDYPYLM,MTDYDYLEV,9,6,8,2
within,A*02:01,HLDDYPYLM,SQFNWTIYL,9,8,9,2
within,A*02:01,HLDDYPYLM,TVYPYGTSL,9,8,8,3
within,A*02:01,HLDDYPYLM,YLFNADIWI,9,8,8,2
within,A*02:01,HLDDYPYLM,YMFYDGYDV,9,8,8,1
within,A*02:01,ILHTHVPEV,ILMHATYFL,9,7,7,2
within,A*02:01,ILHTHVPEV,KLYPFLWFA,9,8,8,1
within,A*02:01,ILHTHVPEV,MTDYDYLEV,9,7,7,2
within,A*02:01,ILHTHVPEV,SQFNWTIYL,9,9,9,1
within,A*02:01,ILHTHVPEV,TVYPYGTSL,9,9,9,1
within,A*02:01,ILHTHVPEV,YLFNADIWI,9,8,8,1
within,A*02:01,ILHTHVPEV,YMFYDGYDV,9,8,8,1
within,A*02:01,ILMHATYFL,KLYPFLWFA,9,7,7,2
within,A*02:01,ILMHATYFL,MTDYDYLEV,9,9,9,1
within,A*02:01,ILMHATYFL,SQFNWTIYL,9,7,7,1
within,A*02:01,ILMHATYFL,TVYPYGTSL,9,8,8,1
within,A*02:01,ILMHATYFL,YLFNADIWI,9,7,7,1
within,A*02:01,ILMHATYFL,YMFYDGYDV,9,8,8,1
within,A*02:01,KLYPFLWFA,MTDYDYLEV,9,8,9,1
within,A*02:01,KLYPFLWFA,SQFNWTIYL,9,9,9,1
within,A*02:01,KLYPFLWFA,TVYPYGTSL,9,7,7,2
within,A*02:01,KLYPFLWFA,YLFNADIWI,9,8,8,1
within,A*02:01,KLYPFLWFA,YMFYDGYDV,9,9,9,1
within,A*02:01,MTDYDYLEV,SQFNWTIYL,9,9,9,2
within,A*02:01,MTDYDYLEV,TVYPYGTSL,9,7,9,1
within,A*02:01,MTDYDYLEV,YLFNADIWI,9,9,9,2
within,A*02:01,MTDYDYLEV,YMFYDGYDV,9,6,6,2
within,A*02:01,SQFNWTIYL,TVYPYGTSL,9,8,8,1
within,A*02:01,SQFNWTIYL,YLFNADIWI,9,6,6,2
within,A*02:01,SQFNWTIYL,YMFYDGYDV,9,8,8,1
within,A*02:01,TVYPYGTSL,YLFNADIWI,9,9,9,1
within,A*02:01,TVYPYGTSL,YMFYDGYDV,9,8,8,1
within,A*02:01,YLFNADIWI,YMFYDGYDV,9,7,7,1
within,B*40:01,FEAQPGALL,GENALTYAL,9,6,7,2
within,B*40:01,FEAQPGALL,GEVLACYAL,9,7,7,2
within,B*40:01,FEAQPGALL,MEMPDYLLL,9,6,6,2
within,B*40:01,FEAQPGALL,MENWSALEL,9,6,7,2
within,B*40:01,FEAQPGALL,REDDYSVWL,9,7,7,1
within,B*40:01,FEAQPGALL,SEESAFYVL,9,7,7,1
within,B*40:01,FEAQPGALL,YEDGVIFYL,9,7,7,1
within,B*40:01,FEAQPGALL,YENGSTPVL,9,7,7,1
within,B*40:01,FEAQPGALL,YESYIPGAL,9,5,7,4
within,B*40:01,GENALTYAL,GEVLACYAL,9,4,4,3
within,B*40:01,GENALTYAL,MEMPDYLLL,9,7,7,1
within,B*40:01,GENALTYAL,MENWSALEL,9,6,6,2
within,B*40:01,GENALTYAL,REDDYSVWL,9,7,7,1
within,B*40:01,GENALTYAL,SEESAFYVL,9,6,6,1
within,B*40:01,GENALTYAL,YEDGVIFYL,9,7,7,1
within,B*40:01,GENALTYAL,YENGSTPVL,9,5,5,2
within,B*40:01,GENALTYAL,YESYIPGAL,9,6,6,2
within,B*40:01,GEVLACYAL,MEMPDYLLL,9,7,7,1
within,B*40:01,GEVLACYAL,MENWSALEL,9,7,7,2
within,B*40:01,GEVLACYAL,REDDYSVWL,9,7,7,1
within,B*40:01,GEVLACYAL,SEESAFYVL,9,5,5,2
within,B*40:01,GEVLACYAL,YEDGVIFYL,9,7,7,1
within,B*40:01,GEVLACYAL,YENGSTPVL,9,7,7,2
within,B*40:01,GEVLACYAL,YESYIPGAL,9,6,6,2
within,B*40:01,MEMPDYLLL,MENWSALEL,9,5,5,2
within,B*40:01,MEMPDYLLL,REDDYSVWL,9,6,7,2
within,B*40:01,MEMPDYLLL,SEESAFYVL,9,7,7,1
within,B*40:01,MEMPDYLLL,YEDGVIFYL,9,7,7,2
within,B*40:01,MEMPDYLLL,YENGSTPVL,9,7,7,1
within,B*40:01,MEMPDYLLL,YESYIPGAL,9,7,7,1
within,B*40:01,MENWSALEL,REDDYSVWL,9,7,7,1
within,B*40:01,MENWSALEL,SEESAFYVL,9,6,7,2
within,B*40:01,MENWSALEL,YEDGVIFYL,9,7,7,1
within,B*40:01,MENWSALEL,YENGSTPVL,9,5,5,2
within,B*40:01,MENWSALEL,YESYIPGAL,9,7,7,2
within,B*40:01,REDDYSVWL,SEESAFYVL,9,7,7,1
within,B*40:01,REDDYSVWL,YEDGVIFYL,9,6,6,2
within,B*40:01,REDDYSVWL,YENGSTPVL,9,7,7,1
within,B*40:01,REDDYSVWL,YESYIPGAL,9,7,7,1
within,B*40:01,SEESAFYVL,YEDGVIFYL,9,6,7,2
within,B*40:01,SEESAFYVL,YENGSTPVL,9,6,6,2
within,B*40:01,SEESAFYVL,YESYIPGAL,9,7,7,2
within,B*40:01,YEDGVIFYL,YENGSTPVL,9,5,5,2
within,B*40:01,YEDGVIFYL,YESYIPGAL,9,6,6,2
within,B*40:01,YENGSTPVL,YESYIPGAL,9,6,6,2
cross,,FLDCKSYIL,FEAQPGALL,9,7,7,1
cross,,FLDCKSYIL,GENALTYAL,9,7,7,1
cross,,FLDCKSYIL,GEVLACYAL,9,7,7,1
cross,,FLDCKSYIL,MEMPDYLLL,9,8,8,1
cross,,FLDCKSYIL,MENWSALEL,9,8,8,1
cross,,FLDCKSYIL,REDDYSVWL,9,6,6,1
cross,,FLDCKSYIL,SEESAFYVL,9,7,7,1
cross,,FLDCKSYIL,YEDGVIFYL,9,7,7,1
cross,,FLDCKSYIL,YENGSTPVL,9,8,8,1
cross,,FLDCKSYIL,YESYIPGAL,9,8,8,3
cross,,HLDDYPYLM,FEAQPGALL,9,8,8,1
cross,,HLDDYPYLM,GENALTYAL,9,8,8,1
cross,,HLDDYPYLM,GEVLACYAL,9,8,8,1
cross,,HLDDYPYLM,MEMPDYLLL,9,7,8,2
cross,,HLDDYPYLM,MENWSALEL,9,9,9,1
cross,,HLDDYPYLM,REDDYSVWL,9,6,6,3
cross,,HLDDYPYLM,SEESAFYVL,9,8,8,1
cross,,HLDDYPYLM,YEDGVIFYL,9,7,8,2
cross,,HLDDYPYLM,YENGSTPVL,9,8,9,1
cross,,HLDDYPYLM,YESYIPGAL,9,8,8,1
cross,,ILHTHVPEV,FEAQPGALL,9,9,9,1
cross,,ILHTHVPEV,GENALTYAL,9,9,9,1
cross,,ILHTHVPEV,GEVLACYAL,9,9,9,2
cross,,ILHTHVPEV,MEMPDYLLL,9,9,9,1
cross,,ILHTHVPEV,MENWSALEL,9,8,8,1
cross,,ILHTHVPEV,REDDYSVWL,9,9,9,1
cross,,ILHTHVPEV,SEESAFYVL,9,9,9,1
cross,,ILHTHVPEV,YEDGVIFYL,9,9,9,1
cross,,ILHTHVPEV,YENGSTPVL,9,8,8,1
cross,,ILHTHVPEV,YESYIPGAL,9,9,9,1
cross,,ILMHATYFL,FEAQPGALL,9,8,8,1
cross,,ILMHATYFL,GENALTYAL,9,6,6,2
cross,,ILMHATYFL,GEVLACYAL,9,6,6,1
cross,,ILMHATYFL,MEMPDYLLL,9,7,7,1
cross,,ILMHATYFL,MENWSALEL,9,8,8,1
cross,,ILMHATYFL,REDDYSVWL,9,8,8,1
cross,,ILMHATYFL,SEESAFYVL,9,6,6,1
cross,,ILMHATYFL,YEDGVIFYL,9,8,8,1
cross,,ILMHATYFL,YENGSTPVL,9,7,7,1
cross,,ILMHATYFL,YESYIPGAL,9,8,8,1
cross,,KLYPFLWFA,FEAQPGALL,9,9,9,1
cross,,KLYPFLWFA,GENALTYAL,9,8,9,1
cross,,KLYPFLWFA,GEVLACYAL,9,9,9,1
cross,,KLYPFLWFA,MEMPDYLLL,9,8,8,1
cross,,KLYPFLWFA,MENWSALEL,9,9,9,1
cross,,KLYPFLWFA,REDDYSVWL,9,9,9,1
cross,,KLYPFLWFA,SEESAFYVL,9,9,9,1
cross,,KLYPFLWFA,YEDGVIFYL,9,9,9,1
cross,,KLYPFLWFA,YENGSTPVL,9,9,9,1
cross,,KLYPFLWFA,YESYIPGAL,9,9,9,1
cross,,MTDYDYLEV,FEAQPGALL,9,9,9,1
cross,,MTDYDYLEV,GENALTYAL,9,9,9,1
cross,,MTDYDYLEV,GEVLACYAL,9,9,9,2
cross,,MTDYDYLEV,MEMPDYLLL,9,5,5,3
cross,,MTDYDYLEV,MENWSALEL,9,6,6,2
cross,,MTDYDYLEV,REDDYSVWL,9,7,8,2
cross,,MTDYDYLEV,SEESAFYVL,9,9,9,1
cross,,MTDYDYLEV,YEDGVIFYL,9,8,8,2
cross,,MTDYDYLEV,YENGSTPVL,9,9,9,1
cross,,MTDYDYLEV,YESYIPGAL,9,8,8,1
cross,,SQFNWTIYL,FEAQPGALL,9,8,8,1
cross,,SQFNWTIYL,GENALTYAL,9,7,7,1
cross,,SQFNWTIYL,GEVLACYAL,9,8,8,1
cross,,SQFNWTIYL,MEMPDYLLL,9,8,8,2
cross,,SQFNWTIYL,MENWSALEL,9,7,8,2
cross,,SQFNWTIYL,REDDYSVWL,9,8,8,1
cross,,SQFNWTIYL,SEESAFYVL,9,7,7,1
cross,,SQFNWTIYL,YEDGVIFYL,9,7,7,2
cross,,SQFNWTIYL,YENGSTPVL,9,7,7,1
cross,,SQFNWTIYL,YESYIPGAL,9,8,8,1
cross,,TVYPYGTSL,FEAQPGALL,9,7,7,1
cross,,TVYPYGTSL,GENALTYAL,9,8,8,1
cross,,TVYPYGTSL,GEVLACYAL,9,8,8,1
cross,,TVYPYGTSL,MEMPDYLLL,9,7,7,1
cross,,TVYPYGTSL,MENWSALEL,9,8,8,1
cross,,TVYPYGTSL,REDDYSVWL,9,7,7,1
cross,,TVYPYGTSL,SEESAFYVL,9,8,8,1
cross,,TVYPYGTSL,YEDGVIFYL,9,8,8,1
cross,,TVYPYGTSL,YENGSTPVL,9,7,8,1
cross,,TVYPYGTSL,YESYIPGAL,9,7,8,1
cross,,YLFNADIWI,FEAQPGALL,9,9,9,1
cross,,YLFNADIWI,GENALTYAL,9,8,9,2
cross,,YLFNADIWI,GEVLACYAL,9,8,8,1
cross,,YLFNADIWI,MEMPDYLLL,9,9,9,2
cross,,YLFNADIWI,MENWSALEL,9,9,9,1
cross,,YLFNADIWI,REDDYSVWL,9,8,8,1
cross,,YLFNADIWI,SEESAFYVL,9,8,8,1
cross,,YLFNADIWI,YEDGVIFYL,9,8,8,2
cross,,YLFNADIWI,YENGSTPVL,9,8,8,1
cross,,YLFNADIWI,YESYIPGAL,9,8,8,1
cross,,YMFYDGYDV,FEAQPGALL,9,8,8,1
cross,,YMFYDGYDV,GENALTYAL,9,8,8,1
cross,,YMFYDGYDV,GEVLACYAL,9,8,8,1
cross,,YMFYDGYDV,MEMPDYLLL,9,8,8,1
cross,,YMFYDGYDV,MENWSALEL,9,9,9,1
cross,,YMFYDGYDV,REDDYSVWL,9,8,9,1
cross,,YMFYDGYDV,SEESAFYVL,9,8,8,2
cross,,YMFYDGYDV,YEDGVIFYL,9,8,8,2
cross,,YMFYDGYDV,YENGSTPVL,9,8,8,1
cross,,YMFYDGYDV,YESYIPGAL,9,7,7,1
