model,macro_score,rank,TeamMemberUserNames,A*02:01+TVYPYGTSL,A*02:01+HLDDYPYLM,A*02:01+ILHTHVPEV,A*02:01+SQFNWTIYL,A*02:01+FLDCKSYIL,A*02:01+YMFYDGYDV,A*02:01+YLFNADIWI,A*02:01+KLYPFLWFA,B*40:01+FEAQPGALL,B*40:01+GEVLACYAL,B*40:01+MENWSALEL,B*40:01+SEESAFYVL,B*40:01+MEMPDYLLL,B*40:01+YENGSTPVL,B*40:01+GENALTYAL,B*40:01+REDDYSVWL,B*40:01+YESYIPGAL,B*40:01+YEDGVIFYL
AF3TD_plddt_smallclust_final (Bradley),0.60146693501378,1,philbradleyclone,0.5238095238095238,0.5158814269906332,0.5627583964323872,0.5268773365744088,0.5813778952876697,0.5511325782811459,0.782904919538187,0.7658205408137833,0.505370978934751,0.6340269277845777,0.5401923098601076,0.5584538557788775,0.6532782312692829,0.6185461517269297,0.5815693879223227,0.652879765930075,0.5884020682936577,0.6831225350197199
John Altin (Altin),0.58194905201501,2,johnaltin,0.4827494267583853,0.4902046350700559,0.5807203357024512,0.6339174448837674,0.5794431132776998,0.6313064017927442,0.7375826649781906,0.6293357953009651,0.505370978934751,0.5205018359853121,0.531005174104677,0.5337669511109107,0.5660712456026504,0.5814099933093068,0.5976838827738782,0.5631112173685349,0.6495391302175705,0.6613627090983272
Lawson Woods (Altin),0.5815141627385982,3,lawsonwoods,0.4827494267583853,0.4902046350700559,0.5915594369861105,0.6361867105647779,0.5769299622683082,0.6347510750408818,0.7313249353861648,0.6192258141518674,0.5065180112753279,0.5125458996328029,0.5311742624928137,0.5368669048934179,0.5669250999009529,0.5822533579970651,0.5826618960478519,0.5687751175472751,0.6576574326180901,0.6589449506626169
TCRtriFold (Altin),0.5778202890970358,4,lawsonwoodstgen,0.4811496827174318,0.4890357371070554,0.5749136743004909,0.6208018584901306,0.5730397422126745,0.6256283689661438,0.722882554634793,0.6121347857070142,0.5042239465941742,0.5180538555691554,0.5320197044334976,0.5421086449256575,0.5663558637020846,0.5780365345582736,0.5840275312047634,0.5669820235208397,0.6489146454175305,0.6604560496849359
AF3_conf (Pierce),0.5755415373434645,5,brianpierce12,0.4871931602054782,0.4925813942614903,0.5790944705099023,0.5629548146894567,0.589358010410642,0.6361516564714433,0.7475802211311309,0.6542597071615877,0.4983740816572323,0.5205018359853121,0.5287224808648308,0.5181826380043061,0.5595819529355511,0.5829561619035304,0.6139349411411248,0.6013638899324886,0.5712287362925587,0.6157275186242954
RG (Gowthaman),0.5703079073581292,6,ragulgowthaman,0.4827494267583853,0.4865420881193211,0.5672875923259163,0.56564716380252,0.5603018535349362,0.6391420870934529,0.7127739145245977,0.6063075049057982,0.4882515212516417,0.537484700122399,0.52841248548658,0.5319915230354747,0.5731582362785614,0.5263446044338492,0.5707808701827219,0.6154524858544804,0.6345202707766093,0.6383940039590794
zjuldt (Wang),0.5686948305617842,7,zjuldt,0.4859044775058213,0.4832345939248476,0.547596773388802,0.5837253265434853,0.5833402186785646,0.5914466113500091,0.7366199373486481,0.6373044262761218,0.4763797365266713,0.4897490820073439,0.5238752804049104,0.5183799077904656,0.558535696802031,0.5361536385563845,0.6357851036517084,0.5825221717499459,0.640234306696975,0.6257196609093794
AF3_conf_clust (Pierce),0.5685918967878115,8,bgpierce,0.4736842105263157,0.4789052880943846,0.6262058500178072,0.5468391821412637,0.5264259549973835,0.5948218121965035,0.6820036583649922,0.6631427999733209,0.4883910085773439,0.563953488372093,0.5288352064569219,0.529229746029241,0.5734997779978824,0.5590046047711952,0.6060142572310382,0.6123501485706478,0.5290510328978593,0.6522961149644136
AF3iptm (Wang),0.5672284245980896,9,"vectorvv,zhoubaib",0.4843713894665742,0.4821002758599192,0.54354260541026,0.580071103658005,0.5772398028037126,0.5870934528496154,0.7342131182747922,0.6350928678997567,0.4766664946118156,0.4895960832313341,0.5257070712763919,0.5197889776916054,0.5557396085931896,0.5409348135320675,0.6312785076339005,0.5815260084019263,0.639297579496915,0.6258518820738324
AF3TD_iptm_bigclust_final (Bradley),0.5670049333344167,10,philbradleyclone2,0.4799054373522458,0.5174009943425338,0.6406063702946687,0.5212618655671626,0.501638712165028,0.5284961540790988,0.5996904460391164,0.7616431527695381,0.5248131771075285,0.519124847001224,0.4944820822671371,0.4814622763806067,0.4823935243690017,0.5259728211673291,0.8025291563106001,0.6611906144335531,0.5383808358104564,0.6250963325626728
AF3TD_iptm_unclustered_final (Bradley),0.5655067019964065,11,philipbradley,0.5108338221440125,0.5460389944360458,0.5411963270931078,0.5019538762134802,0.5668429315045856,0.522439585730725,0.5486288536876172,0.7214840609828446,0.516669247489433,0.5651774785801713,0.5764335877174195,0.5721500152179549,0.6182702050388789,0.570896046868587,0.5755605932319121,0.5824367863201156,0.5505582894112357,0.5915499342671926
DuanChuan (Wang),0.5596973437968256,12,geyuheng,0.5184770436730123,0.5114006514657981,0.5782041157616017,0.5256080862782504,0.6039549423008069,0.5345527224274725,0.6396066146793746,0.6437284767979443,0.4790465867185125,0.4941860465116279,0.5129127165740438,0.4902548725637181,0.5780252057788858,0.5475348450176826,0.6408379537322809,0.5808144631533408,0.5802837658931381,0.6151230790153679
YuanShiMuYe (Wang),0.5581126393234584,13,yuanshimuye,0.5065678380348033,0.5093355983978305,0.5762685619609482,0.5252619271065708,0.601889338731444,0.5296317606444189,0.6299793383839506,0.654575644072497,0.4787311528248539,0.4960220318237454,0.5122363630214968,0.4919457564450857,0.5794482962760568,0.5444425078292355,0.6391991915439871,0.5756913373635256,0.5774111358129543,0.6173897275488462
TAPIR3_m1_raw (TAPIR3),0.5383644798326236,14,trogocytosis,0.5120780675091985,0.5428050434050777,0.5255570523838281,0.5080693549131525,0.5656035693629679,0.5739961237962571,0.5885450223278754,0.6434827480894594,0.5202250477452212,0.4938800489596083,0.5534375669308202,0.5400795842680164,0.5216138984710316,0.5488561163618372,0.4933493567858411,0.5244031558454866,0.5110284015687058,0.5235504782628405
TAPIR3_m1_m2_ens (TAPIR3),0.535314849892781,15,ethanfast,0.4943031337208269,0.5364929944048751,0.5971338319319923,0.5081078170433391,0.5248423255942053,0.5486342438374417,0.5932475765183326,0.6188396690385338,0.5062025773816693,0.5012239902080783,0.5540011948912762,0.5505067015364499,0.5113107232715143,0.5530729398006285,0.4897987053778712,0.5130184318681194,0.5172732495691055,0.5176571920757967
Chai1TCR (Nielsen),0.5338961539989765,16,joakimclifford,0.4793721893385947,0.4954257126381248,0.5113500874870318,0.5084539762150186,0.5160979371505687,0.5527981345769487,0.6937415298482593,0.6549968932870427,0.4881941696346129,0.4892900856793145,0.5093618604231719,0.5116163722649953,0.513815362546535,0.5091898638809393,0.4807855133422555,0.4972505891594658,0.5084680138885419,0.689922480620155
ChengKai Xiao (Xiao),0.5314955386528141,17,chengkaixiao256,0.4768836986082226,0.4986596636690927,0.5083306235580124,0.5065308697056877,0.5143766008427663,0.547877172793895,0.6767456843882607,0.6600167797603794,0.4876493292728388,0.4752141982864137,0.5118981862452232,0.5136454329226364,0.5043660416453203,0.5089930787871292,0.4859749269385191,0.4936644011065951,0.5122149226887818,0.6838780845308794
ChengKai Xiao 2 (Xiao),0.5311138007685862,18,kaixiaoetcembly,0.4761727012566878,0.4986596636690927,0.5082919124819993,0.5065308697056877,0.5134126525103969,0.5483314154200231,0.6748942851006792,0.6572084516634078,0.4899433939539925,0.4758261933904528,0.5100382139757189,0.5127999909819526,0.5024306385691679,0.5114388363816281,0.4859749269385191,0.4892812823753088,0.5122149226887818,0.6865980627710534
NetTCRstrucclust2 (NetTCR-Struc),0.5297846024643883,19,jonasbn,0.5085230807515242,0.5324797780652401,0.5549774701537604,0.5113386359790151,0.5737971301881076,0.5269820119920053,0.6304977301844734,0.5647442490706189,0.5014137173597609,0.5318237454100367,0.4909875889123107,0.5274824993518279,0.5063014447214728,0.5199849318842453,0.5086444705432497,0.4959128840921252,0.50718782004846,0.5430436556507549
NetTCRstrucclust (NetTCR-Struc),0.5294268896069038,20,sebastiannd,0.5119003181713148,0.5331421535776071,0.5499837413480745,0.5113386359790151,0.5727643284034262,0.5248243595178972,0.6319788496145387,0.5605668610263738,0.5011269592746167,0.5312117503059975,0.4948202590434106,0.5239316432009559,0.500324464633355,0.5335068790446365,0.5053669461666621,0.4933513211972176,0.5065008867684161,0.5430436556507549
NetTCRstruct (NetTCR-Struc),0.52489855138541,21,richiewandtu,0.4736842105263157,0.4736842105263157,0.5506805407163098,0.5869551839259066,0.5402654989121154,0.5671067772999818,0.637570075463035,0.5127901792766449,0.4945028475077855,0.5039779681762546,0.5223253035136567,0.5049655623316162,0.5125630429090247,0.520800184415745,0.4805123863108732,0.4900212894338376,0.5156495890890016,0.5601190746029587
Boltz (immunewatch),0.5243651733203818,22,immunewatch3,0.4742174585399669,0.4926982840577903,0.53844784069618,0.5223772673425745,0.5245669117849568,0.5336442371752166,0.6022453770559789,0.632495164410058,0.4901728004221079,0.4923500611995104,0.5111034708209805,0.494904803237479,0.5291847399159807,0.5293181677621037,0.4922568486603119,0.5310916811821897,0.5218319886093973,0.5256660168940871
Chai1TCRclust2 (Nielsen),0.5241103517666176,23,jbndtu,0.5175882969835938,0.5308433209170395,0.539028506836376,0.5068001046169941,0.5606461207964968,0.5351205257101327,0.57684417883036,0.6196470633664131,0.4965101541037949,0.4825581395348837,0.5055855530881176,0.5330624161603409,0.4994706103350524,0.517201828414643,0.486794308032666,0.5100299418240605,0.5050957959683261,0.5111594662798253
Chai1TCRclust (Nielsen),0.5236534938683234,24,mortennielsendtu,0.5175882969835938,0.5325187413306735,0.539028506836376,0.5079539685225927,0.5596821724641273,0.5351205257101327,0.5727711003976805,0.6189800854433823,0.4965101541037949,0.4831701346389229,0.5036128552265221,0.5340205836931159,0.4956567278026344,0.517201828414643,0.4881599431895774,0.5100299418240605,0.5025978567681663,0.5111594662798253
Swuyts (immunewatch),0.5232239370723435,25,sanderwuyts,0.4736842105263157,0.4851394105637205,0.5067821805174897,0.6043785289004446,0.5126552645349638,0.5254678699049119,0.6384587471210741,0.5452263687966665,0.4928109748054346,0.5091799265605875,0.5182671821983745,0.4805041088478317,0.5602650363741931,0.5040172271293553,0.4878868161581952,0.5232077598278629,0.4964779057277745,0.5536213488069873
TAPIR3_cluster_m1_alt (TAPIR3),0.5225226868027675,26,nai1352,0.4736842105263157,0.4974907657060923,0.4840587788978182,0.4852613117124879,0.5233275496433392,0.5353097934710194,0.6831885539090444,0.5899489937409388,0.4876780050813533,0.4914320685434516,0.4848440441433418,0.5427849984782045,0.5035691109669046,0.526703737230053,0.4947149919427526,0.4771565513394127,0.600704418854445,0.5235504782628405
AF2_TCRdock (Visani),0.521051106114132,27,gmvisani,0.4736842105263157,0.5108941290151645,0.4736842105263157,0.5653010046308404,0.4911729874135889,0.5283447398703894,0.6247954203787223,0.5728532964506243,0.4956785556568767,0.4883720930232558,0.4936366403264533,0.4933548263462254,0.5515557225315072,0.5132099022259206,0.4736842105263157,0.4941197900656898,0.5673569305323108,0.5672212400078578
TAPIR3_m2_raw (TAPIR3),0.5201707623960778,28,ben232323,0.4833282230398691,0.5274535168243381,0.6005258638115051,0.5262830966630255,0.5111060618579416,0.5196560196560197,0.5051625898854354,0.5098427511786202,0.516239468809323,0.4948671378370908,0.575297364988046,0.5311798987724183,0.5108139897885018,0.5417000264254269,0.4906180864720181,0.5120507303300431,0.5051582444483301,0.5017906523414479
AF2TCRdock_hermesfix000_ftddg (Visani),0.5201661599791286,29,gianmarcovisani,0.5044348459801987,0.4959711983541917,0.4821232250971648,0.529377375036539,0.5346883692748354,0.5543122766640421,0.6104655898928411,0.5811729684379026,0.4870758131025504,0.483782129742962,0.4789823133546009,0.4821949927291993,0.5290139690563203,0.4939530751887731,0.4947149919427526,0.5376094356592325,0.5299502910099169,0.5531680191002917
test_clust (TCRen),0.519836010553747,30,testimmrep,0.4736842105263157,0.4964777208048252,0.4736842105263157,0.4831074324220372,0.4950287807430664,0.6108654836169827,0.5936548843616005,0.6862746474670636,0.4885382793367859,0.4755201958384333,0.4823077183212905,0.5259888852566198,0.5226954472488814,0.4875716157180688,0.4736842105263157,0.4948597971242187,0.4870481852471711,0.6060564848814542
AF2_TCRDock_norm (immunewatch),0.5185051002123262,31,maximmune,0.4971471231269663,0.5265183984539377,0.4840587788978182,0.4845689933691287,0.4969222506816492,0.5152474108170311,0.5853976435389867,0.5829983817009341,0.5218022172135144,0.5546205630354957,0.4903675981558093,0.5166044797150297,0.5465464439814657,0.5056477321923546,0.4862480539699014,0.5219554401903526,0.5193340494092373,0.4971062453722592
Aurlien Plissier (STAPLER),0.5179572749632753,32,aurlienplissier,0.4808600738824317,0.499617243216037,0.4897545246515498,0.4984932460499392,0.4809031124820598,0.5088577312094967,0.4756837217569039,0.7238595116317439,0.504663801634776,0.5878212974296206,0.4829246347434621,0.5040430912363367,0.5058784123463137,0.5048679109357253,0.5769717495607207,0.4946334579689544,0.50750006244848,0.4958973661544041
AF2_TCRdock_hermesfixed_000 (Visani),0.5171029536251561,33,gvisani,0.5024796032634778,0.5007636800024936,0.4886266858673603,0.5356082401267712,0.5181635407199316,0.5113106413905881,0.675116453015189,0.517669649345133,0.50393718850903,0.530905752753978,0.4815186391766523,0.486591290820755,0.4849550872639093,0.4925474673758426,0.4977193892879578,0.4974213600191263,0.5385681812504683,0.5439503150641462
Physics_score (SwiftTCR),0.5164563113905343,34,donaroran,0.4880819068948968,0.4840874023970201,0.5257118966878803,0.5375313466361021,0.52532429976039,0.509947913512204,0.6107247857931024,0.601147202027613,0.4776701479098203,0.5125458996328029,0.5272288667696227,0.4983147523982369,0.4927536231884058,0.504467021629493,0.488706197252342,0.4978198253583342,0.5007244023680464,0.5134261148133037
SwiftTCR_TCRmodel2_hd_mix (SwiftTCR),0.5164069365744555,35,dani2025,0.4871931602054782,0.4840874023970201,0.5257118966878803,0.5375313466361021,0.52532429976039,0.509947913512204,0.6107247857931024,0.601147202027613,0.4776701479098203,0.5125458996328029,0.5272288667696227,0.4983147523982369,0.4927536231884058,0.504467021629493,0.488706197252342,0.4978198253583342,0.5007244023680464,0.5134261148133037
TCRmodel2_haddock_4chains (HADDOCK),0.5158872174718186,36,dariomarzella,0.4765281999324552,0.4851394105637205,0.5068208915935027,0.5679933537439038,0.5505935167589303,0.5584761674035491,0.5735116601127132,0.5742925646003223,0.4868177308259206,0.4843941248470012,0.5165762983170069,0.497356584865462,0.4904197547730455,0.4978044405962026,0.4813317674050201,0.4981613670776552,0.5158993830090176,0.5238526980673044
peptide_MHC_score_clust (TCRen),0.5158202280788113,37,zhangwei537,0.4914591443146874,0.4843601452550535,0.4736842105263157,0.5020308004738534,0.4919992288413341,0.4883713887711223,0.6075033510327106,0.6743392530549344,0.517357466893779,0.4776621787025704,0.4785314109862362,0.5018092457530633,0.4872320320593827,0.4908888501565847,0.4889793242837243,0.5078383824584173,0.5102790198086579,0.6104386720461792
Daniel Shao,0.5135962054651322,38,superdanielshao,0.5120780675091985,0.4995947820394931,0.5680618138461777,0.5525700395390698,0.4831171334930733,0.5339470655926352,0.4832004028644849,0.4848473147117778,0.4759209235904406,0.6181150550795593,0.4736842105263157,0.4797713924992391,0.4952013388435397,0.4760456316520389,0.5832081501106164,0.5515557225315072,0.4736842105263157,0.5001284434168971
TCRpep_energy_AF3TD_bigclust,0.5135281319303786,39,vadimkarnaukhov,0.5238095238095238,0.4861914187304209,0.4736842105263157,0.4981076631948183,0.5012944449034674,0.4868572466840288,0.5951730317774173,0.6672131205088691,0.4816847611018393,0.4810281517747858,0.4930166495699518,0.4736842105263157,0.5127338137686852,0.5045513580982689,0.4736842105263157,0.5016337078907522,0.4921689606074988,0.5969898907475407
GMarcoVisani,0.5123181511697213,40,gmarcovisani,0.533052489379477,0.5528186026214486,0.5095306669144175,0.5143002200033847,0.52532429976039,0.4966991702501362,0.5451111950412122,0.5301316052754443,0.5042239465941742,0.4902080783353733,0.4930730123659974,0.5047401111474338,0.5046506597447545,0.4962020476894618,0.4955343730368994,0.4994706103350524,0.5174605950091175,0.5091950375508107
TCRpcDist_cluster,0.51189927632272,41,"martaasperez,vincentzoete",0.5373798611466152,0.4950016162128893,0.5167904297229136,0.6957427442611146,0.4970649214398121,0.4740589606928714,0.4876400096350716,0.4769731997621497,0.5130976755389618,0.5608629130966952,0.4739118612342462,0.4801350012688503,0.4966820134003862,0.5054347826086957,0.4787856165235784,0.500425735724549,0.5314384151593454,0.4927612163802143
TAPIR3_cluster_m1,0.5118618155889743,42,hua127,0.4796629149505571,0.4920448579204526,0.4890849282296651,0.4774043062200956,0.5022923161562443,0.5196560196560197,0.6235734968489184,0.5481097877574128,0.489426339461848,0.493812729498164,0.4775553012967201,0.5358275236954319,0.4982663595321131,0.5088294978627865,0.4977193892879578,0.4760911740444853,0.5860290260535058,0.5181267121291602
GC test,0.5112198974343581,43,giancarlocroce2,0.4905703976252688,0.507270545329863,0.4806134931326551,0.4783765904090832,0.5089027513839544,0.4746684028829265,0.7061459050750557,0.6040608424282209,0.4920940795925741,0.4865361077111383,0.4763896247365039,0.5194789823133547,0.489224358755422,0.5176797350710394,0.4736842105263157,0.4827919897082095,0.5397859266105463,0.4736842105263157
test_mult_raw_nonorm,0.5109385371356238,44,testimmrep2,0.5039015979665475,0.5182192229166342,0.5082532014059863,0.4914537146725334,0.5123798507257153,0.514793168190903,0.5295964690112788,0.5571968673100078,0.5076650436159047,0.4981640146878825,0.4818004531568802,0.5422777333137943,0.4949167207441055,0.5258603725422948,0.476688607871521,0.4884274280770063,0.5013488871680863,0.5439503150641462
EPACT,0.5100854951668317,45,zhnagyumeng1999,0.5069233367105708,0.5296354596886056,0.4890912187795171,0.482222803427745,0.4917926684843978,0.4826176488401671,0.5484437137588589,0.5557224950590978,0.5093282405097411,0.5113219094247246,0.5045146599632515,0.5203526056520612,0.5040244999259993,0.487768400811879,0.4736842105263157,0.5215569748511447,0.5365698298903405,0.5259682366985509
Str_info_CNN_v3,0.5098546779093813,46,samuelcclone1,0.49110364563892,0.4874772064897215,0.4848717114940927,0.504992384498223,0.5063207469222507,0.5470443946459936,0.4736842105263157,0.5680089304833484,0.4870184614855216,0.5183598531211751,0.5036692180225677,0.5321324300255887,0.4846135455445882,0.4736842105263157,0.5706443066670308,0.5173446269795189,0.5146504134089376,0.5117639058887529
peptide_MHC_score_raw,0.5095096218832681,47,peptidemhc,0.5090563287651754,0.4859186758723875,0.4902525510599093,0.4930306620101847,0.4946156600291939,0.5201683726000847,0.5444076633119311,0.5951795048215484,0.5150920780211398,0.4899020807833537,0.4949329846355018,0.5397414074917428,0.4932090121475004,0.5118886308817658,0.476688607871521,0.485752017942325,0.487235530687183,0.544101424966378
Shayana Saravanakumar,0.5091567786405914,48,shayanasaravanakumar,0.5446061963419186,0.4997116718357932,0.5121243090072931,0.5042231418944907,0.5174061527444986,0.4824662346314578,0.4920871194448764,0.545577409808788,0.4978579171039727,0.4895960832313341,0.4936930031224989,0.5024292365095647,0.5264524061614126,0.5291494948245521,0.4799661322481086,0.4965675057208238,0.564983888292159,0.4859241126070991
TCRpeptide_energy_AF3TD_raw,0.5086501951630628,49,vkarnaukhov,0.5230985264579889,0.5025559902124277,0.5006271194314117,0.4930306620101847,0.5156848164366962,0.4913996729453092,0.5225981797042204,0.5575479083221293,0.5142031279571928,0.4941860465116279,0.4890712538467608,0.5201271544678788,0.5035691109669046,0.5328884116069471,0.4736842105263157,0.4849550872639093,0.5023480628481503,0.5341281714190731
Mahsasdt,0.5080512979685342,50,mahsasdt,0.4854201105600881,0.4925225597306859,0.4832191952145963,0.5126089851931788,0.5154216432411921,0.5117785112955,0.5456925344175128,0.5211629462170065,0.516612373802546,0.5169828641370869,0.5004678112071783,0.5684357069585508,0.4922697724193677,0.48423791558803,0.4952726262984914,0.4863453629684395,0.5406726950266031,0.4757997491575623
Aphrodite,0.5078851914179499,51,eskigreen,0.5238095238095238,0.4970232065208921,0.517118037812979,0.516184864382529,0.4895205045580985,0.531221609835867,0.4969007575925884,0.516686734511193,0.4879647631664974,0.4776621787025704,0.4994420083191487,0.4929039239778607,0.5189384883363503,0.4800656699970201,0.638243246934149,0.4953151860833134,0.4736842105263157,0.4892485304562008
seq_king,0.5072174135921075,52,seqking,0.5396292148811745,0.513621557595499,0.4949753023335037,0.4764150217695657,0.5363408521303258,0.5086608927381745,0.513415239237816,0.5295348355548378,0.4956785556568767,0.5094859241126071,0.5246925409475713,0.4850694953275242,0.4800027323337545,0.4903828313439297,0.506186327260809,0.5205323496931817,0.5109035046086978,0.4943862671320851
Michael Ibrahim,0.5071897094364861,53,michaelibrahim,0.4813274320553156,0.4736842105263157,0.4736842105263157,0.5591086016707949,0.5220881875017214,0.4951850281630428,0.5417416483378137,0.4845313778008684,0.4953917975717325,0.47796817625459,0.5029928644700207,0.5101509395678101,0.4917859216503296,0.503820442035545,0.4736842105263157,0.5480833817184102,0.5499338046111958,0.5442525348686099
cydxxzg,0.5052283169703179,54,cydxxzg,0.5106560728061288,0.5004909371444602,0.4979173441104969,0.4941845259157833,0.500261643118786,0.4756525952395373,0.5049358305006925,0.5243043244742284,0.4973417525507131,0.5140758873929009,0.5373178072617827,0.5229452942701581,0.499242915855505,0.4931378226572734,0.4963537541310463,0.5053337431833965,0.5112157470087179,0.508741707844115
Contrast_JN,0.505080012825062,55,tashjeans,0.500524360546757,0.5046600065458285,0.4941236586612161,0.5490699856920875,0.4889696769396017,0.5292532251226455,0.4736842105263157,0.4859004377481421,0.4976571864443718,0.4773561811505508,0.4818004531568802,0.5113345582847674,0.4852397053633435,0.4904952799689642,0.4780542430284325,0.527704725798923,0.5094047410886019,0.6062075947836862
Hera,0.5049497302505597,56,fulllnamee,0.4914591443146874,0.4852563003600205,0.4894009073876217,0.4764150217695657,0.5218127736924729,0.514338925564775,0.5377426258766376,0.5259893213324113,0.4910904262945694,0.5152998776009792,0.525425257296164,0.4843367789789315,0.4786934890763573,0.4754833885268668,0.5629967497883266,0.4875735737787037,0.5212699522893612,0.504510630581622
Str_info_CNN,0.5047807372772709,57,samuelcclone3,0.4982136191542686,0.4905942677243894,0.4790650500921323,0.4736842105263157,0.5411605937921727,0.4999545757373872,0.4821636192634393,0.548736778917881,0.4828317934424161,0.4788861689106487,0.5028801388779295,0.5413759285770648,0.5066999100606806,0.5067441062864404,0.5173845355474831,0.5264524061614126,0.5054704868483502,0.5037550810704625
TCRStructMap,0.5040113915594209,59,benjiemc,0.4850601681508736,0.5200115331265682,0.4809231817407596,0.4795304543146818,0.5463934561678923,0.4848888619708073,0.4981597091081439,0.4872694976954158,0.4868177308259206,0.5737454100367197,0.5038383064107044,0.5160126703565511,0.5060737502419254,0.5009811142534255,0.4736842105263157,0.4989582977560709,0.5202083281292933,0.5096483672575064
dennis theuri,0.5038029607225805,60,dennistheuri,0.4969693737890826,0.4845159983167869,0.517621281801149,0.4736842105263157,0.4921369357459583,0.4900369450669251,0.5439633274829115,0.5393639838942383,0.5045680562963473,0.5174418604651163,0.5012456177926075,0.4979202128259178,0.4875166501588169,0.5041015635981311,0.4974462622565755,0.505162972323736,0.5187095646091974,0.496048476056636
K,0.5036867063168537,61,kyoshirou,0.4736842105263157,0.4894253697613889,0.4890525077035041,0.4984153602363113,0.4904155994381558,0.522439585730725,0.5427784319388594,0.4813369045905633,0.4836920676978487,0.5094859241126071,0.4783623225980994,0.5376559840380561,0.4843289274451541,0.5191134550402285,0.5242127113320405,0.4887689697963273,0.5551794769315315,0.4980129047856506
Tim Ermak,0.5036750725740109,62,timermak,0.5090563287651754,0.510621386157131,0.4971431225902355,0.4814535608240127,0.5192651959569252,0.509493670886076,0.4964934497493205,0.4942552138366325,0.5039085127005156,0.5006119951040392,0.482645895097564,0.5195071637113774,0.5225816000091078,0.5161054543205573,0.4889793242837243,0.4924120814690848,0.5252666550096171,0.4963506958610997
peptide_score_raw,0.5035879317374241,63,wanghao77,0.5033683499528965,0.4959402638828476,0.5106145770427835,0.5017615655625471,0.4936915850393574,0.5563563684816183,0.5236419261764999,0.5196128619420892,0.4899885583524027,0.4925030599755202,0.4854943179614475,0.4955529753920032,0.4849026064631355,0.5054347826086957,0.4820145849834758,0.4995243359987658,0.4954162815677066,0.5287637698898409
jxproli,0.5033745283010911,64,jxproli,0.5019463552498267,0.4973738759097922,0.4736842105263157,0.4896075324235757,0.5115536092979702,0.4765610804917933,0.4839779905652692,0.6268083000136906,0.5093569163182556,0.4902080783353733,0.5112781954887218,0.5249743549277993,0.5053337431833965,0.5005313197532877,0.4736842105263157,0.4830196841877568,0.4928558938875427,0.5079861583329556
TCRpcDist_raw_morestringent,0.5033499214877204,65,martaasperezclone2,0.4939476350450594,0.5034477436652246,0.5130743818660303,0.5388528390685967,0.4998901787435622,0.4926308506012069,0.5265071568364097,0.4984117149406565,0.5,0.4975535572599841,0.4975889279360915,0.5,0.5,0.5,0.4906591608456321,0.4987694419358777,0.5,0.5089649980346339
TCRen,0.5031933524803163,66,melissafm,0.4937698857071757,0.5192322678179013,0.5099177776745483,0.4798766134863613,0.5348949296317718,0.4923081581975652,0.4895321884280139,0.4925351128772374,0.5010696076575879,0.4856181150550795,0.5142090608830923,0.5435177148267971,0.490590525632706,0.5154307625703507,0.4805123863108732,0.5032844928674705,0.5004746084480304,0.5107061365731297
Qimmuno 2 test,0.5031405943655074,67,hendersonj01,0.4832826747720364,0.5013091657185605,0.5089887118502345,0.5138771365713318,0.5042551433528877,0.5168372600084792,0.5429265438818659,0.5061906082487617,0.4996931688488957,0.4813341493268054,0.4850131325314786,0.4861967512484359,0.5233216070676366,0.5088806301620947,0.4736842105263157,0.5082368477976251,0.5218944370894012,0.4906085195762878
Wei Sun 2,0.5029539597505673,68,sunway1999,0.5361771926789817,0.5179434877358777,0.5066209922808736,0.4843130553656869,0.5051020408163265,0.4980714611311757,0.4951112960266278,0.4836070673136742,0.5185879881457028,0.484027789749513,0.5700962825439316,0.4965836207174396,0.4866406678054598,0.489206712433257,0.4966405375139978,0.4856310737317602,0.5003399972800218,0.498470012239902
TCRpcDist_raw,0.502895460921486,69,martaasperezclone,0.4939476350450594,0.510210966186186,0.5155807582834615,0.5419940526557552,0.4998901787435622,0.4887434351125224,0.5265071568364097,0.4984117149406565,0.4986616332373518,0.5144198350329646,0.5039538501425979,0.4789214929111469,0.4941746650205936,0.5016790161026431,0.4841996012345342,0.4919513027799046,0.5070765204824272,0.5017944818389702
vivian021,0.5028004504097036,70,vivian021,0.5294975026218027,0.4925424309960569,0.4767036744553352,0.4907613963291743,0.4987468671679197,0.5083580643207558,0.5064169499307577,0.4928159456869346,0.5117083326164381,0.5125458996328029,0.4909312261162651,0.5160126703565511,0.5295832052551885,0.5189166699464183,0.4736842105263157,0.4960551931418422,0.5152748982089775,0.4898529700651283
watch_seq,0.502742725074762,71,watchseq,0.4879041575570131,0.5183750759783676,0.5010529412675555,0.4897229188141356,0.5296620672560522,0.5291018109139362,0.4987151288944184,0.5091042486493697,0.5113355471057507,0.4773561811505508,0.5196762520995142,0.5069100787951889,0.4949167207441055,0.4925474673758426,0.5187501707043946,0.4855812470826645,0.4993817600479604,0.4792752769088958
ESM_Ensemble_DE,0.5026726819898963,72,ethanjamessabin,0.485415666826641,0.4736842105263157,0.4736842105263157,0.4968768750288466,0.5015010052604038,0.5047998304160862,0.5471847622433035,0.5382757567566618,0.4939866829545259,0.4749082007343941,0.4844495045710227,0.4892403422348976,0.4736842105263157,0.5309205606688444,0.4906180864720181,0.5540034381866411,0.5240176854095371,0.5108572464753616
ESM_clustering,0.5025555564474495,73,giancarlocroce,0.5639808741712438,0.5001013044901267,0.4736842105263157,0.4783381282788966,0.5320719380869757,0.4750469384046999,0.4736842105263157,0.6086243755857997,0.4863875936982043,0.4940330477356181,0.495862970770254,0.5075018881536675,0.489025126085818,0.5077842560680089,0.4799661322481086,0.4876589592085339,0.4736842105263157,0.518563851489188
Plato Hunt,0.5018098806703998,74,platohunt,0.5238095238095238,0.5033742187865281,0.4947817469534383,0.5099924614224834,0.4970255308601173,0.5045727091030222,0.4857923618670992,0.5002229110426971,0.5413877944288639,0.5134638922888617,0.4813495507885155,0.4882821747021226,0.4981613670776552,0.4858848863425522,0.5709174336984132,0.4736842105263157,0.4810531311667874,0.4788219472022001
zhao yizhe,0.5015457745196765,75,zhaoyizhe,0.4950141310723617,0.4902046350700559,0.5202536349700376,0.4903383128971215,0.497507505026302,0.4906426019017624,0.5263750342508868,0.5208641225554381,0.4856420226768294,0.50734394124847,0.4940311798987724,0.5299342809798109,0.5095460910550224,0.4996879550655294,0.4848824188129899,0.5187677174766898,0.4902330577273749,0.4765552986687217
PZS Student,0.5014004587231841,76,phelecias,0.5119003181713148,0.5263625453922043,0.5072080023536334,0.4856843951445407,0.4936517116968245,0.4887499242928956,0.4920871194448764,0.5012760340790614,0.5199669654685913,0.4736842105263157,0.5193944381192862,0.5122927258175424,0.5035691109669046,0.5024991706913904,0.5045475650725152,0.4948597971242187,0.4906701970874029,0.4968040255677954
Str_info_ML,0.5011302958742844,78,helderveras,0.5031906006150128,0.502478063681561,0.4851426890261842,0.5188772134955922,0.4858712715855573,0.5088880140512386,0.516821813926966,0.5075596681960354,0.4885096035282715,0.4736842105263157,0.5000056362796046,0.5093618604231719,0.4868904903400617,0.4928567010946874,0.5190232977357769,0.5152953766635928,0.4824894462068793,0.5233993683606086
SABRE,0.5011118960918165,79,zw3672,0.5142110595638031,0.4904773779280894,0.4987302767067713,0.506607793966061,0.5109339282271613,0.5109321058688148,0.4861996697103671,0.4914819898408731,0.4916926182733722,0.4926560587515299,0.5439686171951618,0.4925093844055416,0.4897935949542903,0.5049449282858893,0.4878868161581952,0.4915013035508954,0.5112781954887218,0.5042084107771583
JKS Student2,0.5010774119836953,80,jkendalls,0.5101228247924776,0.4967115003974253,0.5044595159567056,0.4934537454422376,0.5054945054945055,0.4754254739264733,0.4950493583050069,0.5207939143530138,0.4924668651032616,0.4850061199510403,0.5551848136082335,0.5127999909819526,0.4925828523287452,0.4869250361241208,0.506186327260809,0.4912166854514612,0.4869232882871631,0.5085905979418831
Nikhil_1017,0.5007723863319252,81,nikhil1017,0.5058568406832684,0.5205180555772018,0.5106532881187965,0.4817997199956922,0.4792613401635958,0.506238265398825,0.4979745691793857,0.5032418637469416,0.487936087357983,0.5113219094247246,0.4867040164128462,0.4899730585834902,0.4863781777610801,0.498563468815185,0.522847076175129,0.5032275692475836,0.5140259286088976,0.5073817187240279
JoyceWang,0.500511609873096,82,joycewang317,0.4795499386764784,0.5077770677804966,0.4930397485328502,0.5034538992907583,0.4875926078933598,0.4915510871540185,0.4964564217635689,0.5054534221233067,0.4981733509976314,0.5039779681762546,0.4906494121360372,0.5362469141369165,0.4952582624634266,0.5019369275662182,0.5179307896102477,0.5071837608297187,0.4982889116478904,0.4946884869365489
TU  Mettu Landry Group,0.5003498168200071,83,jiarui0923,0.5003063660757675,0.4942123094297007,0.5027421684571635,0.4987233161575267,0.4963861266068397,0.5039719052876948,0.5031464530892449,0.5038248880179171,0.5000661200740545,0.4967097688961062,0.5027173913043478,0.5027173913043478,0.5001315789473684,0.5013480753109636,0.4945535986969357,0.4975927226589935,0.5007500863070018,0.5063964361381555
anontky,0.5003162066128418,84,anontky,0.4795499386764784,0.4820223493290526,0.4910267725801706,0.5378390436775951,0.4942713927676334,0.5027557385985101,0.4836077107077529,0.4904288668045087,0.4779569059949645,0.4770501835985312,0.5194508009153318,0.4964547801287326,0.5060737502419254,0.4983666837213747,0.5310408871165979,0.5034552637271309,0.5139634801288937,0.5203771703159707
Wei Sun,0.5003153897598908,85,suninsky,0.5170816824212215,0.5048032905955575,0.5056127046696018,0.4943497154961498,0.502346850478392,0.4992070120976431,0.5019217524605096,0.4920257936675918,0.5141659765972102,0.4934955065814019,0.5389123107619123,0.4956802739316281,0.5040453413158611,0.506267605237857,0.4779520864244869,0.484259025239933,0.4902933670881743,0.4832567206129017
ImmuneWatch Unseen Beta,0.5002234178918337,86,attatgtgg,0.5197212890381984,0.4828016146377195,0.5061628033012806,0.4907613963291743,0.4935140047922002,0.5007116467809339,0.5070464256885354,0.498994267500272,0.5035070513813137,0.4905140758873929,0.5043230264566965,0.5147163260475025,0.5135705909810216,0.4951337857516347,0.4825608390462404,0.5186254084269727,0.4865173731671371,0.4948395968387808
Jiadong001,0.500190391227463,87,jiadong001,0.4886151549085479,0.4866979411810544,0.4825490469333086,0.4953383898213818,0.4926877633644551,0.4828447701532312,0.4861996697103671,0.5532301038730355,0.4996644930403813,0.4862301101591187,0.4888458026625785,0.5058110042723,0.5121645775698168,0.4994911699717191,0.5914019610520853,0.4909889909719139,0.4859241126070991,0.474741979841939
Hassan Alavi,0.5001547436960513,88,hassanalavi,0.5140333102259194,0.5258560229415707,0.5106145770427835,0.4768765673318051,0.5183012476245559,0.5010901823027073,0.4939014907467063,0.5082617502202782,0.5025320738918234,0.488984088127295,0.4973002220694164,0.4985965663784649,0.4975352072589,0.487768400811879,0.4736842105263157,0.4922982342293111,0.5045962081282942,0.5105550266708977
saba eskandari,0.5001547436960513,89,sabaeskandari,0.5140333102259194,0.5258560229415707,0.5106145770427835,0.4768765673318051,0.5183012476245559,0.5010901823027073,0.4939014907467063,0.5082617502202782,0.5025320738918234,0.488984088127295,0.4973002220694164,0.4985965663784649,0.4975352072589,0.487768400811879,0.4736842105263157,0.4922982342293111,0.5045962081282942,0.5105550266708977
fastorc,0.5001419866920325,90,rtapan25,0.4930588883556409,0.4967115003974253,0.4798392716123937,0.5034923614209449,0.4862155388471177,0.5125219550602629,0.4875697051831774,0.5343440974209017,0.5036504304238858,0.4816401468788249,0.519563526507423,0.5150545028237761,0.5192800300556712,0.5067159941301818,0.4736842105263157,0.5081230005578514,0.507406389728474,0.4736842105263157
Alexander Gavrilenko,0.5001419866920325,91,alexandrgavrilenko,0.4930588883556409,0.4967115003974253,0.4798392716123937,0.5034923614209449,0.4862155388471177,0.5125219550602629,0.4875697051831774,0.5343440974209017,0.5036504304238858,0.4816401468788249,0.519563526507423,0.5150545028237761,0.5192800300556712,0.5067159941301818,0.4736842105263157,0.5081230005578514,0.507406389728474,0.4736842105263157
EPACTv2,0.5001289262088418,92,yumengzhang9904,0.5014131072361755,0.4778532799276841,0.4825490469333086,0.4737226726565024,0.5328981795147208,0.4908697232148264,0.517525345656247,0.5056991508317917,0.499922575317011,0.5055079559363524,0.5117290978570865,0.5397977702877884,0.5050491250839624,0.4984791323464092,0.4736842105263157,0.4981044434577684,0.50703169884845,0.480484156126751
NetTCR2X,0.5000741382661056,93,jonasbnilsson,0.4891484029221991,0.4947633371257578,0.4775166070516096,0.4852613117124879,0.5433639042661599,0.4807249712313003,0.5042322987714114,0.4981517690711806,0.4913485085711991,0.5048959608323134,0.5178162798300098,0.5465613058132588,0.5072122226396621,0.4736842105263157,0.4826974025619315,0.4807427393922834,0.5241425823695451,0.4990706741012738
PISTE,0.5000691362770296,94,aurelienpelissier,0.5060345900211521,0.5240637127316367,0.4944720583453337,0.4814535608240127,0.4855958577763089,0.5166101386954152,0.4883843208697133,0.508928728143309,0.4942160894226413,0.5159118727050184,0.4988783803586928,0.4752623688155922,0.4860366360417592,0.5220933436036411,0.5072788353863382,0.4736842105263157,0.506344765568406,0.5159949831512459
Bill,0.5000639671664202,95,billymcgough,0.5051458433317336,0.4876330595514548,0.5037240055124572,0.5061847105340083,0.5091437384670467,0.4885985100841863,0.5016773677545489,0.4841101285863227,0.5382047796837632,0.5134638922888617,0.5149981400277305,0.4876058211495755,0.4926397759486321,0.4943466453763936,0.4826974025619315,0.4920136161298769,0.506844353408438,0.4921196185986067
TCRGD,0.5000501791320564,96,ling0509,0.498434249104715,0.5,0.5,0.5000848896434635,0.5084836087604262,0.5,0.5,0.5,0.5,0.4987633557578156,0.5,0.5,0.5,0.5,0.4987931992304095,0.4975654621628698,0.5,0.4987784597173167
FNet,0.4999324665840092,97,inigoayestaran,0.5,0.5,0.5,0.5,0.5,0.5,0.5,0.5,0.5,0.5,0.5,0.5,0.5,0.4987843985121662,0.5,0.5,0.5,0.5
Str_info_ML_v2,0.499842903465476,98,samuelchagas,0.5326969907037096,0.4951529697800913,0.4809618928167727,0.4903383128971215,0.5105896609656008,0.4883713887711223,0.493938518732458,0.5168973591184658,0.4925528925288048,0.4935740514075887,0.4979202128259178,0.497074770885234,0.4849550872639093,0.4921820093444807,0.5397809521208314,0.5138722861664219,0.4866110458871431,0.4897018601628964
Nidalee_404,0.4997864570478282,99,nidalee404,0.4944808830587106,0.4932048065084238,0.5087177343181432,0.5019538762134802,0.4820154782560797,0.497910483919811,0.4809787237193871,0.5232863055390762,0.5051415724666357,0.4960220318237454,0.5111654698966306,0.4902548725637181,0.5178569395585004,0.5052260498484755,0.4873405620954306,0.5096599382947961,0.4979142207678665,0.4930262780119981
Cluster count baseline,0.499730176340426,100,qimmuno,0.4871931602054782,0.4852563003600205,0.487310509282916,0.4995692241419098,0.5014344469231687,0.4824283810792805,0.4779054009020017,0.5447349113796965,0.4798538107281935,0.5397796817625459,0.5079497161877025,0.4812086437984015,0.4961121167617291,0.5249888956982779,0.4841996012345342,0.5158361510525177,0.5179914070891515,0.4813908155401423
ESM_Ensemble,0.4996646937648186,101,ethanjsabin,0.5184770436730123,0.5221934759908359,0.4859943326984717,0.4814535608240127,0.4769891762372965,0.5094936708860759,0.4980115971651374,0.5012760340790614,0.5053996547432655,0.5302937576499388,0.4816313647687434,0.5060928182525278,0.515579994763027,0.5028646287227523,0.4824242755305492,0.4901351366736113,0.4838633127669672,0.5017906523414479
xiaoli23,0.4996569474026338,102,xiaoli23,0.5,0.4985243151886835,0.497209724996516,0.4911626887576328,0.4923021840315073,0.5352839639883571,0.4905197777051324,0.491545352743561,0.4860226359082194,0.4903749860910203,0.491280077664517,0.4994914823290109,0.5027952379573039,0.4915947896497095,0.5099310426121294,0.5138144456560134,0.5117994943890916,0.5001728535790034
pf_predictor,0.4995807551080294,103,sofiegielis,0.5,0.5,0.4939558512402621,0.4986560554953163,0.4998416852089495,0.5,0.5,0.5,0.5,0.5,0.5,0.5,0.5,0.5,0.5,0.5,0.5,0.5
InsightXplorer,0.4995184707170834,104,insightxplorer,0.4870598482020654,0.4851394105637205,0.5160728387606262,0.4995692241419098,0.5214685064309125,0.485873054327418,0.4997519124954641,0.4988187469942113,0.4896853116773627,0.503671970624235,0.5208035080204259,0.4851822209196154,0.4886551225565536,0.4853507553736386,0.5274902357086281,0.5266231770210731,0.4912946818874428,0.4788219472022001
diaoxing,0.4995184707170834,105,diaoxing,0.4870598482020654,0.4851394105637205,0.5160728387606262,0.4995692241419098,0.5214685064309125,0.485873054327418,0.4997519124954641,0.4988187469942113,0.4896853116773627,0.503671970624235,0.5208035080204259,0.4851822209196154,0.4886551225565536,0.4853507553736386,0.5274902357086281,0.5266231770210731,0.4912946818874428,0.4788219472022001
SwiftTCR,0.4994284144344296,106,"daniellediepenbroek,farzanehparizi,janaarts,lixuenl",0.4807941840416644,0.4983265277496376,0.4880460197271643,0.5260696318404898,0.4982993197278911,0.4908697232148264,0.5096754126769012,0.5036982170626995,0.487391246996209,0.5286107711138311,0.5281870343023977,0.4770941596870737,0.5081799241777383,0.4956960288768069,0.4862480539699014,0.4980190580279381,0.4948042864636675,0.4897018601628964
luckyguy12,0.4991734500976876,107,luckyguy12,0.4934143870314083,0.5041145208297617,0.4986915656307583,0.5012230957399345,0.489864771819659,0.493860153836836,0.4996408285382092,0.5159495483857379,0.5284263289803456,0.5205018359853121,0.4891276166428064,0.5220716709314516,0.4941767136855767,0.4931940469697907,0.4862480539699014,0.4835319967667384,0.4960407663677466,0.4750441996464028
Clust_jr,0.4991369307977336,108,jracle,0.500524360546757,0.4947633371257578,0.4844458896579489,0.4972614963307127,0.4929976038998595,0.4739113318393798,0.4968637296068368,0.5376438829348433,0.5780354777102941,0.4932680538555691,0.5208035080204259,0.4913821284846298,0.4952013388435397,0.4914229811254982,0.4736842105263157,0.4778396347780548,0.4904828516473909,0.4939329374253894
CorazonHsu,0.4989904711715449,109,corazonhsu,0.5277200092429656,0.5062185371631626,0.49745281119834,0.4803381590486007,0.4818777713514555,0.5044970019986675,0.492827679159909,0.4939041728245111,0.4899433939539925,0.5107099143206855,0.4998365478914678,0.4796586669071479,0.5336247822671539,0.5374144687645832,0.4876136891268128,0.4778396347780548,0.4947293482876627,0.4856218928026353
kappa gamma,0.4989602795973103,110,kagarside,0.5060190369540873,0.4928675998000428,0.4845553053757388,0.491088166988444,0.5018150172093424,0.496183640920483,0.5031464530892449,0.4906948221617874,0.4987602900400962,0.5071672828679227,0.4968357926300007,0.4912136781658823,0.4963882605177516,0.4920420600025863,0.5444898264287984,0.5060753537241757,0.4947543276796642,0.4871881181955375
Mohamad Arabpour,0.4987358389376818,111,mohamadarabpour,0.5140333102259194,0.5007636800024936,0.4906009507440269,0.5007230880475084,0.5021895397835248,0.4799679001877536,0.4924944272881443,0.490744803715418,0.5025033980833089,0.4911260709914321,0.5347251186436857,0.4922839332213592,0.5121645775698168,0.510370574443801,0.4810586403736377,0.4962828876213896,0.5115279894087378,0.4736842105263157
STAG lite,0.4986968630262752,112,"ethansabin,jaredslone,jksteam",0.4944808830587106,0.4972569861134922,0.4975689444263793,0.4876844259142448,0.5042551433528877,0.5023014959723821,0.4927906511741574,0.5310092078057479,0.4736842105263157,0.476438188494492,0.5040073947988412,0.5009638038123795,0.4835889203866252,0.4966799543458582,0.4881599431895774,0.4809704338718307,0.5060949716483901,0.5586079755806398
JKS student,0.4985065544712218,113,jksstudent,0.5015908565740592,0.5110499820768979,0.5005884083553986,0.4911460176310405,0.4973009446693657,0.5060868511901156,0.482089563291936,0.525427655713017,0.4736842105263157,0.4788861689106487,0.5065437206208926,0.4902548725637181,0.4852966289832303,0.4924912430633254,0.4854286728757545,0.4821089062695675,0.507406389728474,0.5557368874382338
cynthiea,0.4983148339637996,114,cynthiea,0.4950141310723617,0.5009974595950938,0.5321379353060498,0.5065308697056877,0.4928943237213914,0.484737447762098,0.4953826101767716,0.4886736617439015,0.4791039383355414,0.5302937576499388,0.4863094768405271,0.4894657934190799,0.4932090121475004,0.5019369275662182,0.5020894217900745,0.5140430570260824,0.4966652511677866,0.4801819363222872
jensen,0.4980430911875884,115,jensenlijx,0.5,0.4957836433628557,0.4958693016195626,0.4885859630132924,0.4946294307196562,0.5164311619680357,0.4860893652896543,0.4960106382978723,0.496014078201174,0.4932308222142588,0.5034141876430206,0.4949424039095528,0.5024313501144165,0.4945353324908637,0.5028079089435242,0.499947029409272,0.5065010045957368,0.4975520195838433
Sureshkumar V,0.4978382374573562,116,infosuresh,0.4930588883556409,0.5021317401953438,0.5060597888267792,0.4800310114661105,0.4838084221542868,0.4800133244503664,0.5241589093036517,0.5099343010789406,0.488653289811649,0.5047429620563035,0.4830732275694005,0.5167520477628581,0.4937035779508702,0.4888985733847394,0.4908912135034004,0.510763058128603,0.5013187037360844,0.5030952344973832
corazon hsu,0.4977463714493581,117,corazonxu,0.5113670701576637,0.5260118760033041,0.5106532881187965,0.4736842105263157,0.4813957971852708,0.4754254739264733,0.4773499811157272,0.5092797691554304,0.515034726404111,0.4794981640146878,0.5213671359808817,0.5068255346011205,0.4878581918781379,0.5100894528812149,0.4958075000682817,0.4847273927843619,0.5036594809282342,0.4893996403584327
Athena,0.4976441089815167,118,juuunwang,0.4996356138573384,0.4898150024157224,0.4940075254331769,0.4961460945553008,0.4952353411000027,0.4803464357095269,0.5013070878970326,0.5047513400990637,0.4913771843797135,0.4736842105263157,0.4912130400964931,0.5085164184824881,0.497876748978221,0.498563468815185,0.5072788353863382,0.5199061898744265,0.4972272874878225,0.5107061365731297
jinxingguy,0.4973341898614778,119,jinxingguy,0.5152775555911054,0.4797235166684849,0.4736842105263157,0.4891459868613363,0.4844253490870032,0.5153231179213857,0.4840150185510208,0.4935180277111775,0.5056003854028664,0.4850061199510403,0.4953275242078209,0.5056419158841632,0.499242915855505,0.5259447090110706,0.4736842105263157,0.5062445211015859,0.5294507031698849,0.4907596294785197
ImmRatri,0.4973281775504951,120,jamesratri,0.511478163493841,0.4993045510181373,0.4859943326984717,0.4855568563575282,0.4983681731802032,0.50147762454264,0.5058248387767839,0.4899216125419933,0.4949177797881964,0.517594859241126,0.498667959253456,0.4952902985471768,0.5017190933205824,0.4979381197559115,0.4989484609291781,0.498149861239593,0.490421564999573,0.4803330462245191
Akshansh Kaushik,0.4971512161808951,121,"abhishekkaushik1,akaush29",0.5191880410245472,0.4836198432118199,0.485607221938341,0.4802996969184141,0.4977829188355504,0.4971534128762643,0.4886435167699747,0.4900778257923873,0.5104465970418036,0.5211138310893513,0.4858585744721624,0.4839422394066124,0.4932659357673873,0.484029484029484,0.4851555458443722,0.5333401641677198,0.4951664876476906,0.5140305544222313
PMbackup,0.4969164906447493,122,pmbackup,0.4886151549085479,0.5211804310895688,0.4960205013858565,0.4937999046139171,0.4945468065768817,0.4950336139543335,0.5531092399635644,0.4981166649699684,0.491950700550002,0.4782741738066095,0.4811804624003787,0.4828713462817463,0.4808565866320571,0.4954430194704794,0.5009969136645454,0.4963398112412764,0.506157420128394,0.4900040799673603
Atreeheart,0.4964601034782353,123,atreeheart,0.500524360546757,0.5171282514845004,0.5029110729161828,0.49149217680272,0.4925500564598309,0.4952607352673975,0.4787570445742892,0.5044354031881545,0.5207985639155096,0.5284577723378213,0.5035564924304765,0.4752623688155922,0.4889397406559878,0.4836359138418635,0.4889793242837243,0.4838735384860594,0.4919816151674868,0.4877374314338819
SlandFox,0.495654776758342,124,slandfox,0.485415666826641,0.4804638187117186,0.5037240055124572,0.4865690241388329,0.4959927290754358,0.4872357822058022,0.5023438714980782,0.4865674156711728,0.4912911569541703,0.4978580171358629,0.4830404346698831,0.4775168806574156,0.4817673645502465,0.5134910237885066,0.4963537541310463,0.5148399877044981,0.5228311642894612,0.514483884128927
yungeshuiqu,0.4936293574422401,125,yungeshuiqu,0.494836381734478,0.4781260227857176,0.4736842105263157,0.4957614732534346,0.5138257732242695,0.4828447701532312,0.4869032014396481,0.50092499306694,0.4876493292728388,0.5223378212974297,0.48754945835353,0.5069946229892572,0.4852966289832303,0.4888085505934476,0.4982656433507224,0.485752017942325,0.488234706367247,0.5075328286262599
EPACT raw,0.4918780090610569,126,aurelienzhaw,0.4799054373522458,0.4955426024344248,0.4763552747712175,0.4806458560900937,0.4992288413341045,0.4931409363454666,0.4931609310316737,0.4820389866148062,0.4776701479098203,0.552937576499388,0.5031055900621118,0.4858585744721624,0.4854673998428908,0.5028646287227523,0.4982656433507224,0.4931520885276136,0.4791172282866635,0.4753464194508666
