cohort,chain,min_n,pseudo,d,n_ep,n_finite,n_pinned,sn,lo,hi
immrep25_pos,A,10,0.0,1,20,16,0,22.337939795607543,13.387572177265538,37.27214671227315
immrep25_pos,A,10,0.0,2,20,20,0,5.193349832306898,3.382519665723318,7.973606998957278
immrep25_pos,A,10,0.0,3,20,20,0,2.979748729191515,2.149668481605804,4.130358967018907
immrep25_pos,A,10,0.1,1,20,20,0,5.383242572349574,2.7755817078071243,10.440802557260056
immrep25_pos,A,10,0.1,2,20,20,0,4.6506578544394985,3.1259184152167383,6.919124431966391
immrep25_pos,A,10,0.1,3,20,20,0,2.9035547232107186,2.1091946777840773,3.9970848207982885
immrep25_pos,A,10,0.5,1,20,20,0,2.9832555922332804,2.0239750611912095,4.397195449312089
immrep25_pos,A,10,0.5,2,20,20,0,3.495444998762882,2.499541673915777,4.888150442491137
immrep25_pos,A,10,0.5,3,20,20,0,2.6547682972747477,1.9737047973488853,3.5708454079261416
immrep25_pos,A,10,1.0,1,20,20,0,2.2196704466754493,1.656680910371061,2.9739806024208124
immrep25_pos,A,10,1.0,2,20,20,0,2.831219655557072,2.1079692360033997,3.8026194126107145
immrep25_pos,A,10,1.0,3,20,20,0,2.4289190638258096,1.8465668437718747,3.1949278405571166
immrep25_pos,A,20,0.0,1,20,16,0,22.337939795607543,13.387572177265538,37.27214671227315
immrep25_pos,A,20,0.0,2,20,20,0,5.193349832306898,3.382519665723318,7.973606998957278
immrep25_pos,A,20,0.0,3,20,20,0,2.979748729191515,2.149668481605804,4.130358967018907
immrep25_pos,A,20,0.1,1,20,20,0,5.383242572349574,2.7755817078071243,10.440802557260056
immrep25_pos,A,20,0.1,2,20,20,0,4.6506578544394985,3.1259184152167383,6.919124431966391
immrep25_pos,A,20,0.1,3,20,20,0,2.9035547232107186,2.1091946777840773,3.9970848207982885
immrep25_pos,A,20,0.5,1,20,20,0,2.9832555922332804,2.0239750611912095,4.397195449312089
immrep25_pos,A,20,0.5,2,20,20,0,3.495444998762882,2.499541673915777,4.888150442491137
immrep25_pos,A,20,0.5,3,20,20,0,2.6547682972747477,1.9737047973488853,3.5708454079261416
immrep25_pos,A,20,1.0,1,20,20,0,2.2196704466754493,1.656680910371061,2.9739806024208124
immrep25_pos,A,20,1.0,2,20,20,0,2.831219655557072,2.1079692360033997,3.8026194126107145
immrep25_pos,A,20,1.0,3,20,20,0,2.4289190638258096,1.8465668437718747,3.1949278405571166
immrep25_pos,A,30,0.0,1,20,16,0,22.337939795607543,13.387572177265538,37.27214671227315
immrep25_pos,A,30,0.0,2,20,20,0,5.193349832306898,3.382519665723318,7.973606998957278
immrep25_pos,A,30,0.0,3,20,20,0,2.979748729191515,2.149668481605804,4.130358967018907
immrep25_pos,A,30,0.1,1,20,20,0,5.383242572349574,2.7755817078071243,10.440802557260056
immrep25_pos,A,30,0.1,2,20,20,0,4.6506578544394985,3.1259184152167383,6.919124431966391
immrep25_pos,A,30,0.1,3,20,20,0,2.9035547232107186,2.1091946777840773,3.9970848207982885
immrep25_pos,A,30,0.5,1,20,20,0,2.9832555922332804,2.0239750611912095,4.397195449312089
immrep25_pos,A,30,0.5,2,20,20,0,3.495444998762882,2.499541673915777,4.888150442491137
immrep25_pos,A,30,0.5,3,20,20,0,2.6547682972747477,1.9737047973488853,3.5708454079261416
immrep25_pos,A,30,1.0,1,20,20,0,2.2196704466754493,1.656680910371061,2.9739806024208124
immrep25_pos,A,30,1.0,2,20,20,0,2.831219655557072,2.1079692360033997,3.8026194126107145
immrep25_pos,A,30,1.0,3,20,20,0,2.4289190638258096,1.8465668437718747,3.1949278405571166
immrep25_pos,A,50,0.0,1,12,11,0,17.61633472687921,9.398933955615147,33.018132766434505
immrep25_pos,A,50,0.0,2,12,12,0,5.125456052182919,2.7982886019400146,9.387987974023007
immrep25_pos,A,50,0.0,3,12,12,0,3.095115249704001,2.060442267765662,4.64936026542423
immrep25_pos,A,50,0.1,1,12,12,0,7.170129938840385,3.591564008590829,14.314310761797207
immrep25_pos,A,50,0.1,2,12,12,0,4.5976547550620195,2.6512589679546483,7.972977933216361
immrep25_pos,A,50,0.1,3,12,12,0,3.0155862976508674,2.0262472845668107,4.487981692976734
immrep25_pos,A,50,0.5,1,12,12,0,3.5252318138533605,2.242650607426307,5.541326544693258
immrep25_pos,A,50,0.5,2,12,12,0,3.498284101313663,2.233082159197275,5.480314104476626
immrep25_pos,A,50,0.5,3,12,12,0,2.7548947932532144,1.909288995223465,3.9750112952415533
immrep25_pos,A,50,1.0,1,12,12,0,2.505008242470568,1.7457854112091118,3.5944087140122463
immrep25_pos,A,50,1.0,2,12,12,0,2.856723667309274,1.9403033152691034,4.20597648168895
immrep25_pos,A,50,1.0,3,12,12,0,2.5169200900593776,1.796279318185404,3.5266713119783564
immrep25_pos,B,10,0.0,1,20,6,0,42.220438003666835,25.431097507033513,70.09392279387346
immrep25_pos,B,10,0.0,2,20,15,0,10.10870784682042,6.347967508774894,16.097431845880664
immrep25_pos,B,10,0.0,3,20,17,0,3.4948805388434776,2.378079818642804,5.136156442283611
immrep25_pos,B,10,0.1,1,20,20,4,4.044946090667014,1.8740989142576303,8.730376370173358
immrep25_pos,B,10,0.1,2,20,20,0,3.5150437447704292,1.6664684671663517,7.4142012111750075
immrep25_pos,B,10,0.1,3,20,20,0,1.8883253367011272,0.9296961059275171,3.8354173525014503
immrep25_pos,B,10,0.5,1,20,20,4,2.3771371861707125,1.4797470620871689,3.818748045970263
immrep25_pos,B,10,0.5,2,20,20,0,3.0470094980510583,1.8088381500708373,5.132723942631227
immrep25_pos,B,10,0.5,3,20,20,0,2.137866888911622,1.2911886386399987,3.5397421398616955
immrep25_pos,B,10,1.0,1,20,20,4,1.888219890927546,1.3111072317010137,2.719361368992499
immrep25_pos,B,10,1.0,2,20,20,0,2.5437421680059016,1.6453822206566786,3.932596411980745
immrep25_pos,B,10,1.0,3,20,20,0,2.1152999842026214,1.3762202705196465,3.2512920489669055
immrep25_pos,B,20,0.0,1,20,6,0,42.220438003666835,25.431097507033513,70.09392279387346
immrep25_pos,B,20,0.0,2,20,15,0,10.10870784682042,6.347967508774894,16.097431845880664
immrep25_pos,B,20,0.0,3,20,17,0,3.4948805388434776,2.378079818642804,5.136156442283611
immrep25_pos,B,20,0.1,1,20,20,4,4.044946090667014,1.8740989142576303,8.730376370173358
immrep25_pos,B,20,0.1,2,20,20,0,3.5150437447704292,1.6664684671663517,7.4142012111750075
immrep25_pos,B,20,0.1,3,20,20,0,1.8883253367011272,0.9296961059275171,3.8354173525014503
immrep25_pos,B,20,0.5,1,20,20,4,2.3771371861707125,1.4797470620871689,3.818748045970263
immrep25_pos,B,20,0.5,2,20,20,0,3.0470094980510583,1.8088381500708373,5.132723942631227
immrep25_pos,B,20,0.5,3,20,20,0,2.137866888911622,1.2911886386399987,3.5397421398616955
immrep25_pos,B,20,1.0,1,20,20,4,1.888219890927546,1.3111072317010137,2.719361368992499
immrep25_pos,B,20,1.0,2,20,20,0,2.5437421680059016,1.6453822206566786,3.932596411980745
immrep25_pos,B,20,1.0,3,20,20,0,2.1152999842026214,1.3762202705196465,3.2512920489669055
immrep25_pos,B,30,0.0,1,20,6,0,42.220438003666835,25.431097507033513,70.09392279387346
immrep25_pos,B,30,0.0,2,20,15,0,10.10870784682042,6.347967508774894,16.097431845880664
immrep25_pos,B,30,0.0,3,20,17,0,3.4948805388434776,2.378079818642804,5.136156442283611
immrep25_pos,B,30,0.1,1,20,20,4,4.044946090667014,1.8740989142576303,8.730376370173358
immrep25_pos,B,30,0.1,2,20,20,0,3.5150437447704292,1.6664684671663517,7.4142012111750075
immrep25_pos,B,30,0.1,3,20,20,0,1.8883253367011272,0.9296961059275171,3.8354173525014503
immrep25_pos,B,30,0.5,1,20,20,4,2.3771371861707125,1.4797470620871689,3.818748045970263
immrep25_pos,B,30,0.5,2,20,20,0,3.0470094980510583,1.8088381500708373,5.132723942631227
immrep25_pos,B,30,0.5,3,20,20,0,2.137866888911622,1.2911886386399987,3.5397421398616955
immrep25_pos,B,30,1.0,1,20,20,4,1.888219890927546,1.3111072317010137,2.719361368992499
immrep25_pos,B,30,1.0,2,20,20,0,2.5437421680059016,1.6453822206566786,3.932596411980745
immrep25_pos,B,30,1.0,3,20,20,0,2.1152999842026214,1.3762202705196465,3.2512920489669055
immrep25_pos,B,50,0.0,1,15,4,0,34.86159309807751,22.918033754028812,53.02944774318957
immrep25_pos,B,50,0.0,2,15,10,0,7.45695594963592,4.479629825770838,12.413122109981943
immrep25_pos,B,50,0.0,3,15,12,0,2.8272009030277907,1.8111282488458196,4.413306982084183
immrep25_pos,B,50,0.1,1,15,15,4,2.440011756725591,1.1906840235987364,5.000199259384287
immrep25_pos,B,50,0.1,2,15,15,0,2.1671622206761403,0.9417265001325013,4.987214536349064
immrep25_pos,B,50,0.1,3,15,15,0,1.311354667953113,0.5584394113830492,3.079387002617662
immrep25_pos,B,50,0.5,1,15,15,4,1.6682749147898808,1.1475486225973481,2.4252926076612376
immrep25_pos,B,50,0.5,2,15,15,0,2.1256335575039187,1.2405915761904573,3.642067306841931
immrep25_pos,B,50,0.5,3,15,15,0,1.6034440887131036,0.8988221940210628,2.8604466631236147
immrep25_pos,B,50,1.0,1,15,15,4,1.4201704790011345,1.0997097857405813,1.8340149515611288
immrep25_pos,B,50,1.0,2,15,15,0,1.8790238973876003,1.2222428769544178,2.888730933537166
immrep25_pos,B,50,1.0,3,15,15,0,1.6389471004613974,1.0162790023924952,2.6431202374418534
vdjdb_hq,A,10,0.0,1,76,52,0,30.356462625029184,19.869204410213214,46.37904991460627
vdjdb_hq,A,10,0.0,2,76,62,0,17.90878641478074,12.038247476637784,26.642136363507607
vdjdb_hq,A,10,0.0,3,76,67,0,8.845868732834603,6.270697456918262,12.478579005946271
vdjdb_hq,A,10,0.1,1,76,76,1,8.664238745146926,5.694162172285072,13.183508084522977
vdjdb_hq,A,10,0.1,2,76,76,0,7.5565166263784365,5.045867982191886,11.316376830756779
vdjdb_hq,A,10,0.1,3,76,76,0,5.587480834993113,3.8914523033778825,8.022696835912805
vdjdb_hq,A,10,0.5,1,76,76,1,5.601318009192618,4.032739330665436,7.780012757464404
vdjdb_hq,A,10,0.5,2,76,76,0,6.0339851778959455,4.323690406156856,8.420810397345344
vdjdb_hq,A,10,0.5,3,76,76,0,5.021487922953698,3.705001383977527,6.8057575010403255
vdjdb_hq,A,10,1.0,1,76,76,1,4.391851711348042,3.2816952303377054,5.877560254882609
vdjdb_hq,A,10,1.0,2,76,76,0,5.101486262885962,3.750716849569814,6.9387168197991596
vdjdb_hq,A,10,1.0,3,76,76,0,4.483715844171079,3.37909252568007,5.949439862474535
vdjdb_hq,A,20,0.0,1,60,49,0,26.377547026697346,17.590366370518247,39.55432038708191
vdjdb_hq,A,20,0.0,2,60,55,0,13.945234803494694,9.603819557315319,20.24919070626128
vdjdb_hq,A,20,0.0,3,60,59,0,7.316427576464544,5.257306869329378,10.182040693485172
vdjdb_hq,A,20,0.1,1,60,60,0,12.070526720327537,7.789418783565394,18.704555417349376
vdjdb_hq,A,20,0.1,2,60,60,0,9.061711186875831,5.99764605416212,13.691139639253372
vdjdb_hq,A,20,0.1,3,60,60,0,6.596171664438521,4.707610331854694,9.242370876010863
vdjdb_hq,A,20,0.5,1,60,60,0,7.527592821051504,5.312160795626644,10.666968839910982
vdjdb_hq,A,20,0.5,2,60,60,0,7.471370209389476,5.24478475323075,10.643215199892992
vdjdb_hq,A,20,0.5,3,60,60,0,5.882096122116576,4.299173964412585,8.047837811686758
vdjdb_hq,A,20,1.0,1,60,60,0,5.733840589016954,4.1881718742423075,7.849947157721681
vdjdb_hq,A,20,1.0,2,60,60,0,6.36722856701146,4.571306941451778,8.868710883739391
vdjdb_hq,A,20,1.0,3,60,60,0,5.306793424645567,3.9281517748579695,7.16928929073258
vdjdb_hq,A,30,0.0,1,46,41,0,21.582240261162173,13.990281671581165,33.29404694093526
vdjdb_hq,A,30,0.0,2,46,44,0,10.95161179046974,7.491681587738418,16.009463216570385
vdjdb_hq,A,30,0.0,3,46,46,0,6.002656110413929,4.2218672778397766,8.534583872169065
vdjdb_hq,A,30,0.1,1,46,46,0,13.743734241754225,8.598716957233147,21.967257655698866
vdjdb_hq,A,30,0.1,2,46,46,0,8.803372935325477,5.758566292401856,13.45810243439894
vdjdb_hq,A,30,0.1,3,46,46,0,5.905063666320705,4.162478397486985,8.377167056134843
vdjdb_hq,A,30,0.5,1,46,46,0,9.153394082340505,6.267770393028162,13.36753230779201
vdjdb_hq,A,30,0.5,2,46,46,0,7.910100688068906,5.408830671240904,11.568062802940977
vdjdb_hq,A,30,0.5,3,46,46,0,5.580757718218748,3.963734687400578,7.857452419420879
vdjdb_hq,A,30,1.0,1,46,46,0,7.0521903687747685,4.998633764447621,9.949396443317035
vdjdb_hq,A,30,1.0,2,46,46,0,7.045415660461205,4.907426839521215,10.114849075063304
vdjdb_hq,A,30,1.0,3,46,46,0,5.27052564849328,3.771179402824666,7.365982268204759
vdjdb_hq,A,50,0.0,1,35,32,0,17.228292761229795,11.466607426154606,25.885081823733568
vdjdb_hq,A,50,0.0,2,35,35,0,9.97150064994511,6.807218274990848,14.606675031584683
vdjdb_hq,A,50,0.0,3,35,35,0,6.038862766319812,4.218390587784733,8.64497081328704
vdjdb_hq,A,50,0.1,1,35,35,0,14.092772360950487,8.638973161254397,22.989564744605822
vdjdb_hq,A,50,0.1,2,35,35,0,9.64569207496978,6.602323419713664,14.091914268745386
vdjdb_hq,A,50,0.1,3,35,35,0,5.980536321232089,4.181343338663086,8.5539052387437
vdjdb_hq,A,50,0.5,1,35,35,0,10.259635021559335,6.872681184919502,15.315727289456646
vdjdb_hq,A,50,0.5,2,35,35,0,8.692455936287182,5.996540336490704,12.600397223128297
vdjdb_hq,A,50,0.5,3,35,35,0,5.771842452089326,4.048242921724899,8.229290073715692
vdjdb_hq,A,50,1.0,1,35,35,0,8.15894138828165,5.65510547983942,11.77136745101093
vdjdb_hq,A,50,1.0,2,35,35,0,7.897651552819936,5.486299548084554,11.368846980208284
vdjdb_hq,A,50,1.0,3,35,35,0,5.55301211771068,3.907914253796227,7.890639757381317
vdjdb_hq,B,10,0.0,1,110,84,0,97.6039459662521,71.06122050103446,134.06088723236024
vdjdb_hq,B,10,0.0,2,110,94,0,32.17281143042772,24.575157430107755,42.1193556249508
vdjdb_hq,B,10,0.0,3,110,97,0,9.800795967394032,7.968027455630682,12.055129344039665
vdjdb_hq,B,10,0.1,1,110,110,10,20.379169408003957,14.742357582391248,28.171243536799352
vdjdb_hq,B,10,0.1,2,110,110,0,13.942868439249963,10.287360381806872,18.897323812825118
vdjdb_hq,B,10,0.1,3,110,110,0,6.335601411396839,4.900662676076894,8.190697441805277
vdjdb_hq,B,10,0.5,1,110,110,10,9.306668391570543,7.16881633477296,12.082061041308762
vdjdb_hq,B,10,0.5,2,110,110,0,9.66033014293105,7.442891800283285,12.538403214039777
vdjdb_hq,B,10,0.5,3,110,110,0,5.774682998707829,4.649844540316066,7.1716298139504095
vdjdb_hq,B,10,1.0,1,110,110,10,6.319728824978066,5.009347364175698,7.972889384130526
vdjdb_hq,B,10,1.0,2,110,110,0,7.6345015186982055,5.978639360783303,9.748976300749607
vdjdb_hq,B,10,1.0,3,110,110,0,5.204986457816296,4.244895766500764,6.382225975924008
vdjdb_hq,B,20,0.0,1,90,79,0,92.56148125204486,66.62522796044111,128.59434892530055
vdjdb_hq,B,20,0.0,2,90,86,0,30.210316418183503,22.683023179295663,40.23551935175102
vdjdb_hq,B,20,0.0,3,90,88,0,9.26067807618022,7.448267943922335,11.514107585324435
vdjdb_hq,B,20,0.1,1,90,90,2,31.34401453497229,23.19933794492672,42.348072582967724
vdjdb_hq,B,20,0.1,2,90,90,0,19.532449153389365,14.560802009738088,26.201617855567797
vdjdb_hq,B,20,0.1,3,90,90,0,8.049627115437618,6.318260561894645,10.25543281459069
vdjdb_hq,B,20,0.5,1,90,90,2,13.353535124292677,10.376187879858225,17.185203504444896
vdjdb_hq,B,20,0.5,2,90,90,0,13.521111479067308,10.495113390349028,17.419578886825708
vdjdb_hq,B,20,0.5,3,90,90,0,7.2296961814722005,5.833607536504545,8.959894293422526
vdjdb_hq,B,20,1.0,1,90,90,2,8.655090251550774,6.867562593092144,10.907885621288601
vdjdb_hq,B,20,1.0,2,90,90,0,10.556973046004165,8.297756794690146,13.43130229670948
vdjdb_hq,B,20,1.0,3,90,90,0,6.532432064107257,5.324800353130579,8.01394716087117
vdjdb_hq,B,30,0.0,1,83,74,0,84.20733878453721,60.57670330669535,117.05615390248704
vdjdb_hq,B,30,0.0,2,83,80,0,27.891051801008043,21.02380956208345,37.001418238180776
vdjdb_hq,B,30,0.0,3,83,82,0,8.92814333364928,7.183191234934434,11.096981937292615
vdjdb_hq,B,30,0.1,1,83,83,1,34.30861377337605,25.422351999528264,46.301025926811604
vdjdb_hq,B,30,0.1,2,83,83,0,19.819694460076533,14.680610472032848,26.757762508522845
vdjdb_hq,B,30,0.1,3,83,83,0,8.14667243347313,6.426269379910336,10.327651677004091
vdjdb_hq,B,30,0.5,1,83,83,1,14.762064995363788,11.466515831756162,19.00477582944822
vdjdb_hq,B,30,0.5,2,83,83,0,14.389154293250499,11.11211086356071,18.63262199389396
vdjdb_hq,B,30,0.5,3,83,83,0,7.452198340832636,6.010522073006629,9.239673265741526
vdjdb_hq,B,30,1.0,1,83,83,1,9.519365033645999,7.539809805968872,12.018646753140153
vdjdb_hq,B,30,1.0,2,83,83,0,11.401608246784342,8.925484530622356,14.56466258690342
vdjdb_hq,B,30,1.0,3,83,83,0,6.824345013440406,5.55469905518751,8.384195867276704
vdjdb_hq,B,50,0.0,1,61,60,0,65.55824918233138,45.80170237554738,93.83677490003534
vdjdb_hq,B,50,0.0,2,61,61,0,21.422635316259687,15.941185478946418,28.78890685385766
vdjdb_hq,B,50,0.0,3,61,61,0,7.853855807186648,6.216974839237737,9.921714762423326
vdjdb_hq,B,50,0.1,1,61,61,0,37.26158252741015,26.988991348475913,51.444143077447855
vdjdb_hq,B,50,0.1,2,61,61,0,19.932343636094355,14.952567984277641,26.570574582580278
vdjdb_hq,B,50,0.1,3,61,61,0,7.76343233254399,6.15262180397701,9.795967231893036
vdjdb_hq,B,50,0.5,1,61,61,0,18.052919618264244,13.651948457021053,23.8726294469636
vdjdb_hq,B,50,0.5,2,61,61,0,16.208745214736805,12.350404317134553,21.272455110782026
vdjdb_hq,B,50,0.5,3,61,61,0,7.440308261809658,5.919050003873317,9.352545931277433
vdjdb_hq,B,50,1.0,1,61,61,0,11.855920156105286,9.128406413970922,15.398398841315146
vdjdb_hq,B,50,1.0,2,61,61,0,13.566671944085787,10.431239797584645,17.644555317486066
vdjdb_hq,B,50,1.0,3,61,61,0,7.101513903601588,5.66916075582768,8.895761100301312
tcrvdb_true,A,10,0.0,1,2,0,0,,,
tcrvdb_true,A,10,0.0,2,2,2,0,439.91931430198133,438.62831533668054,441.2141130181648
tcrvdb_true,A,10,0.0,3,2,2,0,115.64148370579431,80.96661090811747,165.16626549743307
tcrvdb_true,A,10,0.1,1,2,2,0,817.4050403563707,390.8655452800335,1709.41390989402
tcrvdb_true,A,10,0.1,2,2,2,0,366.1607257301782,298.5571738260709,449.0720331689551
tcrvdb_true,A,10,0.1,3,2,2,0,111.81480490663249,75.23262005368183,166.1852343755562
tcrvdb_true,A,10,0.5,1,2,2,0,164.33806619283305,78.87240867588497,342.4137851676552
tcrvdb_true,A,10,0.5,2,2,2,0,227.0992311192905,121.31392818795386,425.1289323932228
tcrvdb_true,A,10,0.5,3,2,2,0,99.07926819412509,58.19872969166809,168.67552673213694
tcrvdb_true,A,10,1.0,1,2,2,0,82.70429251254131,39.87381488295708,171.54114849752088
tcrvdb_true,A,10,1.0,2,2,2,0,157.1993180183562,67.01154473465937,368.7666906245047
tcrvdb_true,A,10,1.0,3,2,2,0,87.17417439226467,44.89955075163118,169.2519536110702
tcrvdb_true,A,20,0.0,1,2,0,0,,,
tcrvdb_true,A,20,0.0,2,2,2,0,439.91931430198133,438.62831533668054,441.2141130181648
tcrvdb_true,A,20,0.0,3,2,2,0,115.64148370579431,80.96661090811747,165.16626549743307
tcrvdb_true,A,20,0.1,1,2,2,0,817.4050403563707,390.8655452800335,1709.41390989402
tcrvdb_true,A,20,0.1,2,2,2,0,366.1607257301782,298.5571738260709,449.0720331689551
tcrvdb_true,A,20,0.1,3,2,2,0,111.81480490663249,75.23262005368183,166.1852343755562
tcrvdb_true,A,20,0.5,1,2,2,0,164.33806619283305,78.87240867588497,342.4137851676552
tcrvdb_true,A,20,0.5,2,2,2,0,227.0992311192905,121.31392818795386,425.1289323932228
tcrvdb_true,A,20,0.5,3,2,2,0,99.07926819412509,58.19872969166809,168.67552673213694
tcrvdb_true,A,20,1.0,1,2,2,0,82.70429251254131,39.87381488295708,171.54114849752088
tcrvdb_true,A,20,1.0,2,2,2,0,157.1993180183562,67.01154473465937,368.7666906245047
tcrvdb_true,A,20,1.0,3,2,2,0,87.17417439226467,44.89955075163118,169.2519536110702
tcrvdb_true,A,30,0.0,1,2,0,0,,,
tcrvdb_true,A,30,0.0,2,2,2,0,439.91931430198133,438.62831533668054,441.2141130181648
tcrvdb_true,A,30,0.0,3,2,2,0,115.64148370579431,80.96661090811747,165.16626549743307
tcrvdb_true,A,30,0.1,1,2,2,0,817.4050403563707,390.8655452800335,1709.41390989402
tcrvdb_true,A,30,0.1,2,2,2,0,366.1607257301782,298.5571738260709,449.0720331689551
tcrvdb_true,A,30,0.1,3,2,2,0,111.81480490663249,75.23262005368183,166.1852343755562
tcrvdb_true,A,30,0.5,1,2,2,0,164.33806619283305,78.87240867588497,342.4137851676552
tcrvdb_true,A,30,0.5,2,2,2,0,227.0992311192905,121.31392818795386,425.1289323932228
tcrvdb_true,A,30,0.5,3,2,2,0,99.07926819412509,58.19872969166809,168.67552673213694
tcrvdb_true,A,30,1.0,1,2,2,0,82.70429251254131,39.87381488295708,171.54114849752088
tcrvdb_true,A,30,1.0,2,2,2,0,157.1993180183562,67.01154473465937,368.7666906245047
tcrvdb_true,A,30,1.0,3,2,2,0,87.17417439226467,44.89955075163118,169.2519536110702
tcrvdb_true,A,50,0.0,1,2,0,0,,,
tcrvdb_true,A,50,0.0,2,2,2,0,439.91931430198133,438.62831533668054,441.2141130181648
tcrvdb_true,A,50,0.0,3,2,2,0,115.64148370579431,80.96661090811747,165.16626549743307
tcrvdb_true,A,50,0.1,1,2,2,0,817.4050403563707,390.8655452800335,1709.41390989402
tcrvdb_true,A,50,0.1,2,2,2,0,366.1607257301782,298.5571738260709,449.0720331689551
tcrvdb_true,A,50,0.1,3,2,2,0,111.81480490663249,75.23262005368183,166.1852343755562
tcrvdb_true,A,50,0.5,1,2,2,0,164.33806619283305,78.87240867588497,342.4137851676552
tcrvdb_true,A,50,0.5,2,2,2,0,227.0992311192905,121.31392818795386,425.1289323932228
tcrvdb_true,A,50,0.5,3,2,2,0,99.07926819412509,58.19872969166809,168.67552673213694
tcrvdb_true,A,50,1.0,1,2,2,0,82.70429251254131,39.87381488295708,171.54114849752088
tcrvdb_true,A,50,1.0,2,2,2,0,157.1993180183562,67.01154473465937,368.7666906245047
tcrvdb_true,A,50,1.0,3,2,2,0,87.17417439226467,44.89955075163118,169.2519536110702
tcrvdb_true,B,10,0.0,1,2,0,0,,,
tcrvdb_true,B,10,0.0,2,2,2,0,483.6113361503776,406.5425798689076,575.2901074435296
tcrvdb_true,B,10,0.0,3,2,2,0,479.54589418744104,182.10237424985047,1262.829579127364
tcrvdb_true,B,10,0.1,1,2,2,0,741.3507941588784,540.548588049035,1016.746712786055
tcrvdb_true,B,10,0.1,2,2,2,0,405.89995912320643,289.27379133113266,569.5461592219579
tcrvdb_true,B,10,0.1,3,2,2,0,437.28645124704735,151.82028378896214,1259.5118100954217
tcrvdb_true,B,10,0.5,1,2,2,0,149.08051515875582,108.88579933539698,204.11293424536618
tcrvdb_true,B,10,0.5,2,2,2,0,252.96206821451617,127.99613296453701,499.93547830929185
tcrvdb_true,B,10,0.5,3,2,2,0,326.890594887498,89.01654989600739,1200.4224062911603
tcrvdb_true,B,10,1.0,1,2,2,0,75.04665215717488,54.92811291601425,102.53401584378832
tcrvdb_true,B,10,1.0,2,2,2,0,174.37064589462275,73.50920610839461,413.62332365382076
tcrvdb_true,B,10,1.0,3,2,2,0,251.01343051743487,57.48694095356243,1096.0357475105232
tcrvdb_true,B,20,0.0,1,2,0,0,,,
tcrvdb_true,B,20,0.0,2,2,2,0,483.6113361503776,406.5425798689076,575.2901074435296
tcrvdb_true,B,20,0.0,3,2,2,0,479.54589418744104,182.10237424985047,1262.829579127364
tcrvdb_true,B,20,0.1,1,2,2,0,741.3507941588784,540.548588049035,1016.746712786055
tcrvdb_true,B,20,0.1,2,2,2,0,405.89995912320643,289.27379133113266,569.5461592219579
tcrvdb_true,B,20,0.1,3,2,2,0,437.28645124704735,151.82028378896214,1259.5118100954217
tcrvdb_true,B,20,0.5,1,2,2,0,149.08051515875582,108.88579933539698,204.11293424536618
tcrvdb_true,B,20,0.5,2,2,2,0,252.96206821451617,127.99613296453701,499.93547830929185
tcrvdb_true,B,20,0.5,3,2,2,0,326.890594887498,89.01654989600739,1200.4224062911603
tcrvdb_true,B,20,1.0,1,2,2,0,75.04665215717488,54.92811291601425,102.53401584378832
tcrvdb_true,B,20,1.0,2,2,2,0,174.37064589462275,73.50920610839461,413.62332365382076
tcrvdb_true,B,20,1.0,3,2,2,0,251.01343051743487,57.48694095356243,1096.0357475105232
tcrvdb_true,B,30,0.0,1,2,0,0,,,
tcrvdb_true,B,30,0.0,2,2,2,0,483.6113361503776,406.5425798689076,575.2901074435296
tcrvdb_true,B,30,0.0,3,2,2,0,479.54589418744104,182.10237424985047,1262.829579127364
tcrvdb_true,B,30,0.1,1,2,2,0,741.3507941588784,540.548588049035,1016.746712786055
tcrvdb_true,B,30,0.1,2,2,2,0,405.89995912320643,289.27379133113266,569.5461592219579
tcrvdb_true,B,30,0.1,3,2,2,0,437.28645124704735,151.82028378896214,1259.5118100954217
tcrvdb_true,B,30,0.5,1,2,2,0,149.08051515875582,108.88579933539698,204.11293424536618
tcrvdb_true,B,30,0.5,2,2,2,0,252.96206821451617,127.99613296453701,499.93547830929185
tcrvdb_true,B,30,0.5,3,2,2,0,326.890594887498,89.01654989600739,1200.4224062911603
tcrvdb_true,B,30,1.0,1,2,2,0,75.04665215717488,54.92811291601425,102.53401584378832
tcrvdb_true,B,30,1.0,2,2,2,0,174.37064589462275,73.50920610839461,413.62332365382076
tcrvdb_true,B,30,1.0,3,2,2,0,251.01343051743487,57.48694095356243,1096.0357475105232
tcrvdb_true,B,50,0.0,1,2,0,0,,,
tcrvdb_true,B,50,0.0,2,2,2,0,483.6113361503776,406.5425798689076,575.2901074435296
tcrvdb_true,B,50,0.0,3,2,2,0,479.54589418744104,182.10237424985047,1262.829579127364
tcrvdb_true,B,50,0.1,1,2,2,0,741.3507941588784,540.548588049035,1016.746712786055
tcrvdb_true,B,50,0.1,2,2,2,0,405.89995912320643,289.27379133113266,569.5461592219579
tcrvdb_true,B,50,0.1,3,2,2,0,437.28645124704735,151.82028378896214,1259.5118100954217
tcrvdb_true,B,50,0.5,1,2,2,0,149.08051515875582,108.88579933539698,204.11293424536618
tcrvdb_true,B,50,0.5,2,2,2,0,252.96206821451617,127.99613296453701,499.93547830929185
tcrvdb_true,B,50,0.5,3,2,2,0,326.890594887498,89.01654989600739,1200.4224062911603
tcrvdb_true,B,50,1.0,1,2,2,0,75.04665215717488,54.92811291601425,102.53401584378832
tcrvdb_true,B,50,1.0,2,2,2,0,174.37064589462275,73.50920610839461,413.62332365382076
tcrvdb_true,B,50,1.0,3,2,2,0,251.01343051743487,57.48694095356243,1096.0357475105232
vdjdb_lq,A,10,0.0,1,79,34,0,27.807408845115887,16.863647922067678,45.85318611090996
vdjdb_lq,A,10,0.0,2,79,47,0,8.486797554433657,6.062791558287971,11.879961901622746
vdjdb_lq,A,10,0.0,3,79,56,0,4.791956040165904,3.6295782057751422,6.326587109859089
vdjdb_lq,A,10,0.1,1,79,79,1,2.5357531296087705,1.8184736468119664,3.535956622518793
vdjdb_lq,A,10,0.1,2,79,79,0,2.311889703507583,1.668774881549031,3.202849024323202
vdjdb_lq,A,10,0.1,3,79,79,0,1.9471492224392648,1.409335709612922,2.690196571750211
vdjdb_lq,A,10,0.5,1,79,79,1,1.9777463247106846,1.5750847490574265,2.4833460721699936
vdjdb_lq,A,10,0.5,2,79,79,0,2.075335400492923,1.6464914192206102,2.6158757794060707
vdjdb_lq,A,10,0.5,3,79,79,0,1.9431713979339165,1.5489979162192888,2.4376502009534673
vdjdb_lq,A,10,1.0,1,79,79,1,1.7260101947778579,1.4300209278663676,2.083264051891897
vdjdb_lq,A,10,1.0,2,79,79,0,1.8496714058517139,1.5172423414649518,2.2549359559278335
vdjdb_lq,A,10,1.0,3,79,79,0,1.7987022555528362,1.4817081504448386,2.1835135368321685
vdjdb_lq,A,20,0.0,1,41,29,0,20.821486608083347,12.506007368126689,34.66608421129809
vdjdb_lq,A,20,0.0,2,41,35,0,6.60029060780926,4.39123353339677,9.92063751021618
vdjdb_lq,A,20,0.0,3,41,38,0,3.8280184189811695,2.646558941346362,5.53689728466974
vdjdb_lq,A,20,0.1,1,41,41,0,4.673619230669776,2.8184360429498887,7.7499423014846505
vdjdb_lq,A,20,0.1,2,41,41,0,3.5428237635060533,2.187251597023198,5.738526027982173
vdjdb_lq,A,20,0.1,3,41,41,0,2.736135002574102,1.7281877246789394,4.331956908039027
vdjdb_lq,A,20,0.5,1,41,41,0,3.1772448843867758,2.2301163084624203,4.52661819343493
vdjdb_lq,A,20,0.5,2,41,41,0,3.059003106274094,2.126689303456023,4.400031536806033
vdjdb_lq,A,20,0.5,3,41,41,0,2.6409150158230963,1.841584698970861,3.787190523844735
vdjdb_lq,A,20,1.0,1,41,41,0,2.5615646230425058,1.8985550162626847,3.456109126054964
vdjdb_lq,A,20,1.0,2,41,41,0,2.646696429912234,1.923970739199175,3.6409087983458095
vdjdb_lq,A,20,1.0,3,41,41,0,2.441652301804593,1.7790653811656576,3.3510100449492954
vdjdb_lq,A,30,0.0,1,31,21,0,17.582524859255095,8.909811784691264,34.697161724279425
vdjdb_lq,A,30,0.0,2,31,27,0,5.8237662117988185,3.556550589610459,9.536277366268067
vdjdb_lq,A,30,0.0,3,31,28,0,3.246190511952369,2.055589294568526,5.126390212156407
vdjdb_lq,A,30,0.1,1,31,31,0,4.165535660480034,2.2585390502845826,7.682704151847394
vdjdb_lq,A,30,0.1,2,31,31,0,3.3466629147930775,1.8921578824485852,5.9192484776997105
vdjdb_lq,A,30,0.1,3,31,31,0,2.185630047310266,1.2390759454314495,3.8552751518730517
vdjdb_lq,A,30,0.5,1,31,31,0,3.1675923765812306,2.072871272222168,4.840455651362867
vdjdb_lq,A,30,0.5,2,31,31,0,3.018324277703713,1.9602889083822446,4.647417738487347
vdjdb_lq,A,30,0.5,3,31,31,0,2.285758485618889,1.4672530461614521,3.5608662515626133
vdjdb_lq,A,30,1.0,1,31,31,0,2.630633482968234,1.8430987242203103,3.7546727317284976
vdjdb_lq,A,30,1.0,2,31,31,0,2.672788920478467,1.8298016119524714,3.904139425153161
vdjdb_lq,A,30,1.0,3,31,31,0,2.212140585514216,1.497728989609092,3.2673240646536468
vdjdb_lq,A,50,0.0,1,13,12,0,11.937118441084761,4.127294051881875,34.52499261871448
vdjdb_lq,A,50,0.0,2,13,12,0,6.37164940271202,2.5909201404483944,15.669304305170288
vdjdb_lq,A,50,0.0,3,13,12,0,4.20914296338586,1.915859681479642,9.247485427814697
vdjdb_lq,A,50,0.1,1,13,13,0,7.538717470909945,3.0447059172088653,18.665927893062968
vdjdb_lq,A,50,0.1,2,13,13,0,4.426540424552845,1.6402765763830065,11.945705018484146
vdjdb_lq,A,50,0.1,3,13,13,0,2.887663487772402,1.0633907288293116,7.841520705934544
vdjdb_lq,A,50,0.5,1,13,13,0,5.755533693263144,2.921673580516674,11.338079761952459
vdjdb_lq,A,50,0.5,2,13,13,0,4.304940049453745,1.9463194025256356,9.52182298822185
vdjdb_lq,A,50,0.5,3,13,13,0,3.067317684687592,1.3601227080274068,6.917344827248974
vdjdb_lq,A,50,1.0,1,13,13,0,4.74771630357298,2.661364132233116,8.469645256810079
vdjdb_lq,A,50,1.0,2,13,13,0,4.013401086122361,1.9842588306048232,8.117584273609326
vdjdb_lq,A,50,1.0,3,13,13,0,3.0410609370422064,1.4659943645477669,6.308381427957863
vdjdb_lq,B,10,0.0,1,138,46,0,79.2607547410071,43.52172872033547,144.34783329685843
vdjdb_lq,B,10,0.0,2,138,78,0,23.05670342990057,15.741902583243327,33.77047788494572
vdjdb_lq,B,10,0.0,3,138,93,0,6.418555580229103,4.869580239234752,8.460247847351285
vdjdb_lq,B,10,0.1,1,138,138,20,3.1387630504615536,2.3767344495272535,4.145113261981078
vdjdb_lq,B,10,0.1,2,138,138,0,3.283269144217005,2.483840436091066,4.339995483096418
vdjdb_lq,B,10,0.1,3,138,138,0,2.1446993785490243,1.6530044912279462,2.7826514983825748
vdjdb_lq,B,10,0.5,1,138,138,20,2.0999960481058357,1.7482538623540334,2.5225074555946136
vdjdb_lq,B,10,0.5,2,138,138,0,2.456908558707293,2.014031572480985,2.997172312653078
vdjdb_lq,B,10,0.5,3,138,138,0,2.0576318993635625,1.7171116325648415,2.4656807122984903
vdjdb_lq,B,10,1.0,1,138,138,20,1.7670998558768258,1.5259696073310778,2.046332958165138
vdjdb_lq,B,10,1.0,2,138,138,0,2.0829139123635443,1.7580738945544059,2.4677747503993466
vdjdb_lq,B,10,1.0,3,138,138,0,1.8854915448105378,1.6140405830858295,2.2025954011361932
vdjdb_lq,B,20,0.0,1,75,33,0,48.27778486228141,23.0810663300482,100.98079862863335
vdjdb_lq,B,20,0.0,2,75,54,0,12.923291125778773,8.533454662899363,19.571376437697957
vdjdb_lq,B,20,0.0,3,75,61,0,3.906998981230417,2.9063478770376117,5.25217272162701
vdjdb_lq,B,20,0.1,1,75,75,5,4.158716134284145,2.7211757387582174,6.355679142372346
vdjdb_lq,B,20,0.1,2,75,75,0,3.9862148852357078,2.647456121154825,6.001953718629912
vdjdb_lq,B,20,0.1,3,75,75,0,2.079180291013276,1.4482581727903048,2.984958596304075
vdjdb_lq,B,20,0.5,1,75,75,5,2.748685280610146,2.056792247847658,3.6733271334278563
vdjdb_lq,B,20,0.5,2,75,75,0,3.2448727051702555,2.386928804186564,4.41119100590315
vdjdb_lq,B,20,0.5,3,75,75,0,2.255578139135786,1.7146622621005967,2.9671340264493264
vdjdb_lq,B,20,1.0,1,75,75,5,2.240518678156433,1.7696628408668453,2.836655565818915
vdjdb_lq,B,20,1.0,2,75,75,0,2.751866370428764,2.1056130403819133,3.596467335386202
vdjdb_lq,B,20,1.0,3,75,75,0,2.176380869349095,1.7048153212874824,2.7783852182250453
vdjdb_lq,B,30,0.0,1,50,29,0,34.742117917516644,16.35755141724592,73.78945213780985
vdjdb_lq,B,30,0.0,2,50,40,0,9.903182386190739,5.953138862693377,16.474169952384976
vdjdb_lq,B,30,0.0,3,50,46,0,3.4410880953289946,2.4070103678275303,4.919416816015717
vdjdb_lq,B,30,0.1,1,50,50,1,5.305098042095936,3.0650587864636707,9.182226899054525
vdjdb_lq,B,30,0.1,2,50,50,0,4.4255139612044605,2.6343442256056138,7.434553780196712
vdjdb_lq,B,30,0.1,3,50,50,0,2.562842994139266,1.6988994037458707,3.866128976281173
vdjdb_lq,B,30,0.5,1,50,50,1,3.4911140267760925,2.3812739164090186,5.118217213050486
vdjdb_lq,B,30,0.5,2,50,50,0,3.892996181586633,2.595186329837154,5.839819320718716
vdjdb_lq,B,30,0.5,3,50,50,0,2.6359449104879737,1.8709592030929034,3.7137130300015615
vdjdb_lq,B,30,1.0,1,50,50,1,2.774160099964227,2.02625186941407,3.7981281480366826
vdjdb_lq,B,30,1.0,2,50,50,0,3.3673111779008473,2.3546836068282024,4.815417466675925
vdjdb_lq,B,30,1.0,3,50,50,0,2.5522611976945355,1.8605915579273706,3.5010570662341056
vdjdb_lq,B,50,0.0,1,31,25,0,24.098412690194504,11.054310938356002,52.534572025824914
vdjdb_lq,B,50,0.0,2,31,30,0,8.164300512458116,4.460852104816029,14.942392460346502
vdjdb_lq,B,50,0.0,3,31,31,0,3.4158181488412516,2.1881513742528726,5.332269861785573
vdjdb_lq,B,50,0.1,1,31,31,0,9.644372620830678,4.9931308537362185,18.628376858945867
vdjdb_lq,B,50,0.1,2,31,31,0,6.429264177023369,3.5275780737372884,11.717795324133872
vdjdb_lq,B,50,0.1,3,31,31,0,3.37491520033139,2.172702973488616,5.242342256815411
vdjdb_lq,B,50,0.5,1,31,31,0,5.471927148502057,3.4667335886073087,8.636944822328402
vdjdb_lq,B,50,0.5,2,31,31,0,5.271658329341362,3.1944595469249353,8.699556570708761
vdjdb_lq,B,50,0.5,3,31,31,0,3.2316201126349373,2.1168477380385693,4.93345287179855
vdjdb_lq,B,50,1.0,1,31,31,0,4.021608933414682,2.7571677840663344,5.865924629899732
vdjdb_lq,B,50,1.0,2,31,31,0,4.489551878051691,2.868153802546869,7.027543658160606
vdjdb_lq,B,50,1.0,3,31,31,0,3.086195292581958,2.0575236218034028,4.629157732637256
immrep22_true,A,10,0.0,1,16,6,0,19.97799055455944,5.582865456120679,71.49018899613598
immrep22_true,A,10,0.0,2,16,10,0,14.736825916877105,7.629067563447353,28.46665549861852
immrep22_true,A,10,0.0,3,16,11,0,6.265936633467884,3.2845775836542237,11.953428072462927
immrep22_true,A,10,0.1,1,16,16,4,4.509557180275323,1.9441843090747926,10.459968155925694
immrep22_true,A,10,0.1,2,16,16,0,3.154616570188354,1.3162893972073866,7.560347842974399
immrep22_true,A,10,0.1,3,16,16,0,2.127260434139924,0.9098652836813979,4.973524142329793
immrep22_true,A,10,0.5,1,16,16,4,2.953295618286066,1.6346108843919704,5.335798930662328
immrep22_true,A,10,0.5,2,16,16,0,2.9148962839894756,1.5641724571306583,5.432022733606998
immrep22_true,A,10,0.5,3,16,16,0,2.3646954729743204,1.3047530600454196,4.285703441623345
immrep22_true,A,10,1.0,1,16,16,4,2.3918118331816873,1.46475501734487,3.905611366819448
immrep22_true,A,10,1.0,2,16,16,0,2.597652973214352,1.5071394384525953,4.477224069046617
immrep22_true,A,10,1.0,3,16,16,0,2.2669956297928016,1.3546256972003587,3.7938665980729054
immrep22_true,A,20,0.0,1,11,6,0,19.97799055455944,5.582865456120679,71.49018899613598
immrep22_true,A,20,0.0,2,11,8,0,11.033354960319437,6.3905507718132855,19.049206559368887
immrep22_true,A,20,0.0,3,11,9,0,4.604373861800475,2.483862082724375,8.535199601734062
immrep22_true,A,20,0.1,1,11,11,3,5.358847915720839,1.863143733939097,15.413330952792874
immrep22_true,A,20,0.1,2,11,11,0,3.539409074623576,1.2099902830646716,10.353320000056687
immrep22_true,A,20,0.1,3,11,11,0,2.3871814660686277,0.9088313282732359,6.270289298641226
immrep22_true,A,20,0.5,1,11,11,3,3.677191690553751,1.7025984138884849,7.941825047396753
immrep22_true,A,20,0.5,2,11,11,0,3.5513487474098513,1.6180180701111038,7.794769513830889
immrep22_true,A,20,0.5,3,11,11,0,2.670461906867264,1.2918984987382176,5.520067406993867
immrep22_true,A,20,1.0,1,11,11,3,2.9484818026671857,1.5463788977574955,5.621872461701729
immrep22_true,A,20,1.0,2,11,11,0,3.226343108136978,1.6046093741254364,6.487117686880255
immrep22_true,A,20,1.0,3,11,11,0,2.621963622320024,1.3629270278195498,5.044065526947453
immrep22_true,A,30,0.0,1,7,6,0,19.97799055455944,5.582865456120679,71.49018899613598
immrep22_true,A,30,0.0,2,7,6,0,10.380559854169329,5.112799547794221,21.075737837694103
immrep22_true,A,30,0.0,3,7,7,0,4.735653907656228,2.2187756689064235,10.107564386693086
immrep22_true,A,30,0.1,1,7,7,0,9.053056026000085,2.3637079886341446,34.673413045938624
immrep22_true,A,30,0.1,2,7,7,0,5.7813791842936455,1.7258773866912884,19.366581618328215
immrep22_true,A,30,0.1,3,7,7,0,4.660907809521205,2.1896367451270553,9.921308480596947
immrep22_true,A,30,0.5,1,7,7,0,6.149156788224945,2.3692340302260924,15.9596429579245
immrep22_true,A,30,0.5,2,7,7,0,5.784326277563872,2.2702799664969042,14.73757905591841
immrep22_true,A,30,0.5,3,7,7,0,4.406399390046379,2.092366813617024,9.27961362139773
immrep22_true,A,30,1.0,1,7,7,0,4.674985249729958,2.1085572471490353,10.365138112680281
immrep22_true,A,30,1.0,2,7,7,0,5.235275985878984,2.2529594797257766,12.16538286416816
immrep22_true,A,30,1.0,3,7,7,0,4.155583030921838,1.9972048763076538,8.646519208791174
immrep22_true,A,50,0.0,1,3,3,0,20.88717674626496,3.0096614989741353,144.95788067143724
immrep22_true,A,50,0.0,2,3,3,0,12.26206044422275,4.4967751045105775,33.436879284212495
immrep22_true,A,50,0.0,3,3,3,0,8.007654175557875,3.305568786943946,19.39833339684085
immrep22_true,A,50,0.1,1,3,3,0,15.930413485194457,3.213044915479795,78.98366829128796
immrep22_true,A,50,0.1,2,3,3,0,11.858867874300213,4.360190707991163,32.25380646822723
immrep22_true,A,50,0.1,3,3,3,0,7.918805522574728,3.247809025784663,19.30762566595493
immrep22_true,A,50,0.5,1,3,3,0,9.600104916171043,3.009724776858277,30.62140934284875
immrep22_true,A,50,0.5,2,3,3,0,10.546580198984502,3.9070840749730866,28.468891828077233
immrep22_true,A,50,0.5,3,3,3,0,7.592757644681162,3.0433146639765125,18.943150812915473
immrep22_true,A,50,1.0,1,3,3,0,7.058475649122771,2.5937031246215714,19.208859339492953
immrep22_true,A,50,1.0,2,3,3,0,9.360559212397556,3.487966825722346,25.120671481918386
immrep22_true,A,50,1.0,3,3,3,0,7.239999979143621,2.8350170244824615,18.48934212575622
immrep22_true,B,10,0.0,1,16,5,0,47.28739439240301,31.036249805029446,72.04793370558276
immrep22_true,B,10,0.0,2,16,10,0,19.218566833790987,9.429393392725649,39.17042123089596
immrep22_true,B,10,0.0,3,16,13,0,8.71305630565968,3.9939798316201864,19.007945304220407
immrep22_true,B,10,0.1,1,16,16,8,2.993406219568577,1.2266203365585537,7.305015682759391
immrep22_true,B,10,0.1,2,16,16,2,5.211447426604417,2.3843088888195827,11.390799408422163
immrep22_true,B,10,0.1,3,16,16,0,4.495012569755525,2.307270182904138,8.75716166748541
immrep22_true,B,10,0.5,1,16,16,8,2.2411598872150535,1.2029220089991948,4.175497332732861
immrep22_true,B,10,0.5,2,16,16,2,3.5867703891705376,1.9644701984570099,6.548799688962095
immrep22_true,B,10,0.5,3,16,16,0,3.66505160927403,2.118503349006837,6.340609895631942
immrep22_true,B,10,1.0,1,16,16,8,1.9265990594246605,1.1424347204853058,3.2490118421814262
immrep22_true,B,10,1.0,2,16,16,2,2.906031597396679,1.6955782094645984,4.9806134555919535
immrep22_true,B,10,1.0,3,16,16,0,3.15407914240256,1.903808381256011,5.225428848031266
immrep22_true,B,20,0.0,1,11,4,0,41.6595252361681,26.857081319273053,64.62042625821347
immrep22_true,B,20,0.0,2,11,9,0,16.57263890535427,8.01120314511114,34.28353460926396
immrep22_true,B,20,0.0,3,11,11,0,6.008672747799104,3.1185074484278292,11.57738077821339
immrep22_true,B,20,0.1,1,11,11,4,3.8138484806422523,1.1474425132225614,12.676399963991868
immrep22_true,B,20,0.1,2,11,11,0,6.37422154897496,2.5794006400750282,15.75199281730615
immrep22_true,B,20,0.1,3,11,11,0,5.507853168599871,2.9147847862162157,10.407782650133987
immrep22_true,B,20,0.5,1,11,11,4,2.8067139820996774,1.2052722871870036,6.5359864829378385
immrep22_true,B,20,0.5,2,11,11,0,4.4380805403780155,2.196649393652634,8.966637525222072
immrep22_true,B,20,0.5,3,11,11,0,4.430235531343214,2.4368236568983286,8.054332043114593
immrep22_true,B,20,1.0,1,11,11,4,2.3542934174068018,1.1492630750325266,4.822827441043581
immrep22_true,B,20,1.0,2,11,11,0,3.545892105440637,1.8504164640039371,6.794876217335407
immrep22_true,B,20,1.0,3,11,11,0,3.788362833345298,2.130516804347349,6.736249593425963
immrep22_true,B,30,0.0,1,7,3,0,35.87951137053859,22.590459155391933,56.98597480172702
immrep22_true,B,30,0.0,2,7,7,0,14.900576070392827,5.940721254284557,37.37377293530365
immrep22_true,B,30,0.0,3,7,7,0,7.101945434603593,2.7256200100636856,18.505011252433647
immrep22_true,B,30,0.1,1,7,7,1,5.511618480401887,0.9721442779722071,31.248384588420205
immrep22_true,B,30,0.1,2,7,7,0,11.218268606279135,4.895933497670745,25.70491420737257
immrep22_true,B,30,0.1,3,7,7,0,6.720795372502266,2.681525978261702,16.844547024798437
immrep22_true,B,30,0.5,1,7,7,1,4.056505096702933,1.2077932126964648,13.62421433288208
immrep22_true,B,30,0.5,2,7,7,0,7.248627228713213,3.2811026618219223,16.013700915919184
immrep22_true,B,30,0.5,3,7,7,0,5.769726295116037,2.4987344726854968,13.322640674491327
immrep22_true,B,30,1.0,1,7,7,1,3.296601114571799,1.172290582892829,9.270379773740402
immrep22_true,B,30,1.0,2,7,7,0,5.6232231181060275,2.5574208480657536,12.364268579384424
immrep22_true,B,30,1.0,3,7,7,0,5.102494441496712,2.312556498770846,11.258297706171945
immrep22_true,B,50,0.0,1,3,3,0,35.87951137053859,22.590459155391933,56.98597480172702
immrep22_true,B,50,0.0,2,3,3,0,17.684984336546826,9.819070819815188,31.852165721500853
immrep22_true,B,50,0.0,3,3,3,0,9.873655414925517,3.965118105763903,24.58667526472233
immrep22_true,B,50,0.1,1,3,3,0,24.323847757173088,13.02002189619273,45.44151879553615
immrep22_true,B,50,0.1,2,3,3,0,16.64356933632137,8.715235450846704,31.784385151180857
immrep22_true,B,50,0.1,3,3,3,0,9.744151838597961,3.8975294654629242,24.36120006147911
immrep22_true,B,50,0.5,1,3,3,0,12.85900142114391,4.3895117218299,37.67023031893131
immrep22_true,B,50,0.5,2,3,3,0,13.732043636785606,6.100802670303174,30.908887343706407
immrep22_true,B,50,0.5,3,3,3,0,9.271686385522196,3.655394955027741,23.517067099203583
immrep22_true,B,50,1.0,1,3,3,0,8.862507438129128,2.554415065829582,30.748345929202333
immrep22_true,B,50,1.0,2,3,3,0,11.538046500456218,4.535899018165837,29.349532807836145
immrep22_true,B,50,1.0,3,3,3,0,8.765795204033006,3.40406931556082,22.572738224746992
